Data Source,World Development Indicators,,,,,,,,,,,,,,,,,,,,,,,,,,,,,,,,,,,,,,,,,,,,,,,,,,,,,,,,,,,,,,,
,,,,,,,,,,,,,,,,,,,,,,,,,,,,,,,,,,,,,,,,,,,,,,,,,,,,,,,,,,,,,,,,
Last Updated Date,2021-11-23,,,,,,,,,,,,,,,,,,,,,,,,,,,,,,,,,,,,,,,,,,,,,,,,,,,,,,,,,,,,,,,
,,,,,,,,,,,,,,,,,,,,,,,,,,,,,,,,,,,,,,,,,,,,,,,,,,,,,,,,,,,,,,,,
Country Name,Country Code,Indicator Name,Indicator Code,1960,1961,1962,1963,1964,1965,1966,1967,1968,1969,1970,1971,1972,1973,1974,1975,1976,1977,1978,1979,1980,1981,1982,1983,1984,1985,1986,1987,1988,1989,1990,1991,1992,1993,1994,1995,1996,1997,1998,1999,2000,2001,2002,2003,2004,2005,2006,2007,2008,2009,2010,2011,2012,2013,2014,2015,2016,2017,2018,2019,2020
Aruba,ABW,Current health expenditure (% of GDP),SH.XPD.CHEX.GD.ZS,,,,,,,,,,,,,,,,,,,,,,,,,,,,,,,,,,,,,,,,,,,,,,,,,,,,,,,,,,,,,
Africa Eastern and Southern,AFE,Current health expenditure (% of GDP),SH.XPD.CHEX.GD.ZS,,,,,,,,,,,,,,,,,,,,,,,,,,,,,,,,,,,,,,,,,582.936.597.142.749,618.864.113.859.947,576.662.000.680.407,613.453.286.716.247,624.361.440.173.012,606.734.543.643.361,598.472.147.576.027,591.884.186.451.669,577.891.607.224.798,63.327.525.750.114,63.854.274.046.319,619.889.465.134.853,609.293.985.998.489,606.122.908.507.219,588.668.068.313.992,612.840.385.205.797,601.733.897.809.904,593.923.807.664.278,592.588.179.332.181,,
Afghanistan,AFG,Current health expenditure (% of GDP),SH.XPD.CHEX.GD.ZS,,,,,,,,,,,,,,,,,,,,,,,,,,,,,,,,,,,,,,,,,,,944.338.989,894.125.843,980.847.359,994.828.987,1.062.276.554,990.467.453,1.025.649.548,981.848.717,856.967.163,856.190.681,789.716.816,880.596.447,952.887.821,1.010.534.763,1.096.199.989,1.177.723.598,939.572.716,,
Africa Western and Central,AFW,Current health expenditure (% of GDP),SH.XPD.CHEX.GD.ZS,,,,,,,,,,,,,,,,,,,,,,,,,,,,,,,,,,,,,,,,,371.030.172.166.359,367.210.650.863.648,32.705.794.529.991,466.383.700.354.078,450.643.661.826.444,435.128.538.715.477,423.547.134.953.628,403.694.907.270.452,385.752.727.463.739,393.863.290.722.958,36.540.974.502.997,36.505.051.234.534,361.726.218.032.074,373.025.108.795.254,371.996.129.581.412,396.892.114.729.193,396.580.921.555.138,399.260.319.378.949,400.478.985.770.891,,
Angola,AGO,Current health expenditure (% of GDP),SH.XPD.CHEX.GD.ZS,,,,,,,,,,,,,,,,,,,,,,,,,,,,,,,,,,,,,,,,,190.859.938,448.351.622,332.946.134,354.797.316,396.719.909,285.219.526,268.553.543,297.439.122,332.290.339,384.260.798,269.509.959,264.560.771,239.574.957,273.282.671,243.412.876,260.579.467,271.314.979,279.150.295,254.900.527,,
Albania,ALB,Current health expenditure (% of GDP),SH.XPD.CHEX.GD.ZS,,,,,,,,,,,,,,,,,,,,,,,,,,,,,,,,,,,,,,,,,72.333.703,713.952.398,690.934.134,706.348.991,677.337.217,633.554.173,600.927.687,631.683.397,5.139.081,460.224.104,474.581.575,479.532.719,505.526.161,538.559.914,550.349.331,489.632.177,491.601.992,501.059.723,526.271.439,,
Andorra,AND,Current health expenditure (% of GDP),SH.XPD.CHEX.GD.ZS,,,,,,,,,,,,,,,,,,,,,,,,,,,,,,,,,,,,,,,,,588.990.307,593.786.001,609.685.135,552.953.768,527.981.806,55.754.261,493.509.436,49.255.476,580.598.593,620.233.727,664.963.865,624.652.863,610.150.337,598.780.346,597.912.455,623.245.335,634.349.346,654.431.868,671.033.096,,
Arab World,ARB,Current health expenditure (% of GDP),SH.XPD.CHEX.GD.ZS,,,,,,,,,,,,,,,,,,,,,,,,,,,,,,,,,,,,,,,,,399.485.458.683.398,42.961.601.195.756,42.775.691.770.963,409.347.481.676.919,379.669.911.008.794,34.854.522.567.427,348.113.112.265.247,356.907.057.772.178,340.338.262.851.022,445.595.343.187.662,39.872.009.594.952,393.486.018.070.375,402.250.795.527.758,424.866.712.936.902,458.556.432.100.901,511.479.362.139.869,501.689.805.584.966,556.419.211.894.541,523.099.782.538.083,,
United Arab Emirates,ARE,Current health expenditure (% of GDP),SH.XPD.CHEX.GD.ZS,,,,,,,,,,,,,,,,,,,,,,,,,,,,,,,,,,,,,,,,,237.413.526,248.437.047,271.770.859,264.634.395,246.204.352,232.019.687,23.254.137,256.569.624,292.847.514,404.999.352,387.873.054,367.006.993,342.519.474,359.299.517,363.020.706,358.359.146,34.034.214,414.456.415,422.590.351,,
Argentina,ARG,Current health expenditure (% of GDP),SH.XPD.CHEX.GD.ZS,,,,,,,,,,,,,,,,,,,,,,,,,,,,,,,,,,,,,,,,,846.696.377,862.096.786,764.670.229,711.225.414,722.868.299,761.078.882,764.032.841,783.455.086,81.826.973,945.599.556,944.546.413,941.819.859,982.726.669,978.097.916,967.129.993,1.022.933.769,900.189.686,1.045.704.365,962.454.033,,
Armenia,ARM,Current health expenditure (% of GDP),SH.XPD.CHEX.GD.ZS,,,,,,,,,,,,,,,,,,,,,,,,,,,,,,,,,,,,,,,,,419.581.175,464.563.894,761.358.738,717.936.134,605.510.092,58.618.803,585.007.095,549.814.034,663.976.574,844.377.613,923.538.303,937.588.787,913.455.009,1.032.345.009,1.017.827.797,101.176.281,995.195.866,1.036.270.523,1.002.538.967,,
American Samoa,ASM,Current health expenditure (% of GDP),SH.XPD.CHEX.GD.ZS,,,,,,,,,,,,,,,,,,,,,,,,,,,,,,,,,,,,,,,,,,,,,,,,,,,,,,,,,,,,,
Antigua and Barbuda,ATG,Current health expenditure (% of GDP),SH.XPD.CHEX.GD.ZS,,,,,,,,,,,,,,,,,,,,,,,,,,,,,,,,,,,,,,,,,469.438.457,543.587.589,528.793.621,558.626.556,511.667.967,49.945.569,463.347.101,444.986.248,42.048.173,419.123.125,537.907.028,544.257.212,547.921.419,550.909.281,587.269.974,527.965.546,512.190.151,517.094.231,523.155.928,,
Australia,AUS,Current health expenditure (% of GDP),SH.XPD.CHEX.GD.ZS,,,,,,,,,,,,,,,,,,,,,,,,,,,,,,,,,,,,,,,,,761.383.343,769.622.898,789.332.151,790.449.524,810.948.753,799.008.226,798.943.853,806.755.352,825.585.651,856.316.471,84.308.424,854.153.824,867.564.774,876.116.371,903.597.069,932.331.181,920.071.316,920.544.815,928.459.835,,
Austria,AUT,Current health expenditure (% of GDP),SH.XPD.CHEX.GD.ZS,,,,,,,,,,,,,,,,,,,,,,,,,,,,,,,,,,,,,,,,,920.371.437,926.942.921,93.947.649,95.472.393,970.939.827,962.702.942,95.311.327,953.209.686,972.564.602,1.022.582.531,1.022.101.879,1.002.613.258,1.019.915.581,1.028.574.944,1.036.809.254,1.036.746.693,103.522.625,1.038.262.367,1.032.559.872,,
Azerbaijan,AZE,Current health expenditure (% of GDP),SH.XPD.CHEX.GD.ZS,,,,,,,,,,,,,,,,,,,,,,,,,,,,,,,,,,,,,,,,,294.894.385,275.584.769,273.274.231,273.488.688,266.530.418,226.107.669,206.678.391,199.021.435,193.880.868,26.137.836,248.996.663,244.641.805,296.481.562,303.672.314,337.713.742,410.663.605,403.655.434,373.651.457,351.373.243,,
Burundi,BDI,Current health expenditure (% of GDP),SH.XPD.CHEX.GD.ZS,,,,,,,,,,,,,,,,,,,,,,,,,,,,,,,,,,,,,,,,,617.697.144,640.484.381,647.216.082,631.327.724,770.102.644,842.368.507,994.232.273,105.808.115,923.542.786,1.035.023.212,1.127.638.912,1.006.996.346,852.668.476,814.256.191,688.927.555,657.857.561,749.265.718,751.763.725,774.165.535,,
Belgium,BEL,Current health expenditure (% of GDP),SH.XPD.CHEX.GD.ZS,,,,,,,,,,,,,,,,,,,,,,,,,,,,,,,,,,,,,,,,,79.991.765,814.988.804,83.182.106,920.770.645,936.668.777,926.218.891,916.210.842,916.709.423,963.237.667,1.035.561.562,1.023.373.413,1.039.215.851,1.050.683.689,1.056.154.251,1.044.007.111,1.042.703.342,1.028.172.588,1.040.608.311,1.031.865.311,,
Benin,BEN,Current health expenditure (% of GDP),SH.XPD.CHEX.GD.ZS,,,,,,,,,,,,,,,,,,,,,,,,,,,,,,,,,,,,,,,,,309.882.951,324.531.007,3.039.397,303.365.588,307.281.566,293.186.998,296.771.049,289.010.143,269.258.809,28.210.001,299.474.454,309.318.352,341.449.833,285.861.254,266.743.684,290.741.515,278.015.947,26.444.838,249.141.979,,
Burkina Faso,BFA,Current health expenditure (% of GDP),SH.XPD.CHEX.GD.ZS,,,,,,,,,,,,,,,,,,,,,,,,,,,,,,,,,,,,,,,,,331.752.229,324.898.624,334.058.619,353.623.772,474.466.419,444.255.877,509.151.554,588.637.829,522.738.886,57.152.667,589.295.959,522.973.108,517.797.041,625.649.023,562.491.322,582.546.854,702.782.106,691.190.195,562.852.383,,
Bangladesh,BGD,Current health expenditure (% of GDP),SH.XPD.CHEX.GD.ZS,,,,,,,,,,,,,,,,,,,,,,,,,,,,,,,,,,,,,,,,,200.194.621,198.674.393,215.190.268,219.150.281,221.405.101,227.546.501,232.201.099,238.769.174,234.595.656,24.033.823,249.591.565,256.593.657,257.301.211,250.334.787,249.601.078,246.311.474,231.178.045,227.522.182,23.428.061,,
Bulgaria,BGR,Current health expenditure (% of GDP),SH.XPD.CHEX.GD.ZS,,,,,,,,,,,,,,,,,,,,,,,,,,,,,,,,,,,,,,,,,582.971.001,685.958.767,70.809.865,719.987.392,689.090.872,689.011.431,652.544.594,616.035.938,628.771.019,659.886.885,714.063.406,714.162.683,757.881.832,71.707.921,77.096.777,741.338.348,74.799.428,745.326.805,734.667.873,,
Bahrain,BHR,Current health expenditure (% of GDP),SH.XPD.CHEX.GD.ZS,,,,,,,,,,,,,,,,,,,,,,,,,,,,,,,,,,,,,,,,,356.132.603,368.104.196,385.486.555,398.856.878,347.338.176,317.561.626,306.248.927,330.373.311,328.510.404,405.684.614,384.291.482,357.691.312,410.642.147,430.853.891,440.681.839,497.506.618,485.823.059,474.813.128,413.356.352,,
"Bahamas, The",BHS,Current health expenditure (% of GDP),SH.XPD.CHEX.GD.ZS,,,,,,,,,,,,,,,,,,,,,,,,,,,,,,,,,,,,,,,,,380.487.037,392.440.891,381.251.955,401.998.568,404.628.181,403.196.478,430.935.764,44.963.069,48.630.805,515.085.459,525.673.914,532.418.823,531.907.082,559.397.602,567.255.783,520.896.244,561.615.086,683.129.883,624.896.193,,
Bosnia and Herzegovina,BIH,Current health expenditure (% of GDP),SH.XPD.CHEX.GD.ZS,,,,,,,,,,,,,,,,,,,,,,,,,,,,,,,,,,,,,,,,,765.342.188,727.702.522,712.647.152,803.272.915,906.270.218,905.223.751,917.218.685,95.306.015,968.943.882,902.212.143,901.888.275,917.856.026,949.001.503,948.689.747,947.516.823,933.953.667,922.786.236,893.159.008,8.895.051,,
Belarus,BLR,Current health expenditure (% of GDP),SH.XPD.CHEX.GD.ZS,,,,,,,,,,,,,,,,,,,,,,,,,,,,,,,,,,,,,,,,,546.676.111,59.044.199,581.475.353,596.711.493,593.219.662,627.653.837,576.295.853,588.534.021,547.281.408,539.037.848,565.693.998,487.438.536,5.245.327,569.559.479,538.793.373,606.533.337,591.054.153,575.974.846,564.426.613,,
Belize,BLZ,Current health expenditure (% of GDP),SH.XPD.CHEX.GD.ZS,,,,,,,,,,,,,,,,,,,,,,,,,,,,,,,,,,,,,,,,,392.283.607,458.810.091,465.947.151,456.673.813,443.332.624,443.362.761,451.539.469,523.698.997,559.683.084,569.172.812,559.605.885,561.938.047,533.280.277,555.003.977,610.395.241,581.823.015,604.090.405,570.125.389,569.105.911,,
Bermuda,BMU,Current health expenditure (% of GDP),SH.XPD.CHEX.GD.ZS,,,,,,,,,,,,,,,,,,,,,,,,,,,,,,,,,,,,,,,,,,,,,,,,,,,,,,,,,,,,,
Bolivia,BOL,Current health expenditure (% of GDP),SH.XPD.CHEX.GD.ZS,,,,,,,,,,,,,,,,,,,,,,,,,,,,,,,,,,,,,,,,,439.554.119,482.522.202,489.645.052,519.709.635,486.315.727,507.408.142,46.608.758,46.968.894,460.677.242,517.444.515,520.230.532,517.306.805,52.539.444,557.465.124,589.613.628,655.064.964,683.333.063,64.901.948,630.102.587,,
Brazil,BRA,Current health expenditure (% of GDP),SH.XPD.CHEX.GD.ZS,,,,,,,,,,,,,,,,,,,,,,,,,,,,,,,,,,,,,,,,,833.481.598,85.499.382,870.437.145,819.710.159,813.533.783,804.407.787,825.891.399,820.776.176,801.598.835,840.254.688,794.913.244,778.833.342,773.536.205,797.721.243,839.624.977,887.090.969,920.742.226,946.933.746,951.438.713,,
Barbados,BRB,Current health expenditure (% of GDP),SH.XPD.CHEX.GD.ZS,,,,,,,,,,,,,,,,,,,,,,,,,,,,,,,,,,,,,,,,,533.187.246,552.529.192,586.123.419,668.377.304,731.510.305,676.892.185,658.324.289,605.583.191,647.676.373,71.486.845,677.398.682,689.933.872,777.819.967,749.560.881,699.789.667,67.748.456,668.155.098,662.216.997,656.259.155,,
Brunei Darussalam,BRN,Current health expenditure (% of GDP),SH.XPD.CHEX.GD.ZS,,,,,,,,,,,,,,,,,,,,,,,,,,,,,,,,,,,,,,,,,25.432.477,254.193.902,252.989.697,259.788.561,254.709.625,222.967.577,190.329.325,194.069.541,186.958.551,239.306.617,227.826.118,186.409.724,185.097.218,1.898.314,191.436.803,238.708.901,254.828.691,227.036.428,241.291.642,,
Bhutan,BTN,Current health expenditure (% of GDP),SH.XPD.CHEX.GD.ZS,,,,,,,,,,,,,,,,,,,,,,,,,,,,,,,,,,,,,,,,,431.020.021,485.057.402,445.451.164,400.747.824,446.532.822,401.967.382,429.145.336,402.995.634,330.082.774,34.614.768,347.357.607,326.995.778,353.425.479,362.129.545,346.891.737,365.720.773,348.117.137,324.491.644,30.574.255,,
Botswana,BWA,Current health expenditure (% of GDP),SH.XPD.CHEX.GD.ZS,,,,,,,,,,,,,,,,,,,,,,,,,,,,,,,,,,,,,,,,,582.725.811,615.671.682,642.154.217,617.618.656,579.530.239,502.534.151,477.372.456,533.311.653,57.820.034,65.250.082,619.402.504,577.690.315,614.145.994,622.438.812,559.789.324,572.629.929,556.052.208,613.456.821,584.825.039,,
Central African Republic,CAF,Current health expenditure (% of GDP),SH.XPD.CHEX.GD.ZS,,,,,,,,,,,,,,,,,,,,,,,,,,,,,,,,,,,,,,,,,432.829.618,395.108.914,418.027.496,423.487.663,420.026.016,422.886.753,431.175.089,463.511.133,402.794.027,472.996.759,365.146.255,363.681.531,36.277.864,473.335.361,490.981.197,503.434.181,544.402.361,666.541.529,1.099.253.082,,
Canada,CAN,Current health expenditure (% of GDP),SH.XPD.CHEX.GD.ZS,,,,,,,,,,,,,,,,,,,,,,,,,,,,,,,,,,,,,,,,,827.567.863,865.530.014,888.823.891,904.279.232,909.723.568,906.438.637,934.515.572,943.898.201,959.853.268,1.070.911.217,106.837.883,1.033.907.032,1.042.859.364,1.034.045.982,1.025.013.065,1.068.328.094,1.097.903.442,1.078.964.806,1.079.046.917,,
Central Europe and the Baltics,CEB,Current health expenditure (% of GDP),SH.XPD.CHEX.GD.ZS,,,,,,,,,,,,,,,,,,,,,,,,,,,,,,,,,,,,,,,,,570.922.892.537.574,591.222.755.359.633,616.303.934.485.426,639.776.312.308.728,635.946.545.826.809,636.657.878.079.635,622.257.802.457.027,613.481.198.009.418,637.705.298.022.726,684.980.454.636.298,680.487.108.399.088,653.333.479.246.828,654.237.181.240.554,667.402.938.074.301,657.472.324.813.877,650.725.158.765.476,660.899.165.897.857,657.796.757.065.703,661.084.946.814.308,,
Switzerland,CHE,Current health expenditure (% of GDP),SH.XPD.CHEX.GD.ZS,,,,,,,,,,,,,,,,,,,,,,,,,,,,,,,,,,,,,,,,,93.748.436,973.037.529,1.013.844.776,1.040.008.259,1.047.868.919,1.029.438.877,981.838.131,962.940.121,975.355.244,1.037.947.655,1.027.625.465,1.034.077.358,1.061.796.474,1.083.054.256,1.099.387.455,1.136.931.515,1.170.894.909,1.189.515.591,1.187.620.926,,
Channel Islands,CHI,Current health expenditure (% of GDP),SH.XPD.CHEX.GD.ZS,,,,,,,,,,,,,,,,,,,,,,,,,,,,,,,,,,,,,,,,,,,,,,,,,,,,,,,,,,,,,
Chile,CHL,Current health expenditure (% of GDP),SH.XPD.CHEX.GD.ZS,,,,,,,,,,,,,,,,,,,,,,,,,,,,,,,,,,,,,,,,,703.517.628,715.104.103,726.602.364,733.330.393,690.115.023,658.871.555,603.516.722,617.537.546,674.047.899,720.918.465,677.489.328,67.717.886,70.209.198,744.478.321,780.729.866,830.269.146,851.866.722,906.820.488,914.051.342,,
China,CHN,Current health expenditure (% of GDP),SH.XPD.CHEX.GD.ZS,,,,,,,,,,,,,,,,,,,,,,,,,,,,,,,,,,,,,,,,,447.341.394,422.035.074,434.825.134,438.032.389,425.689.554,414.221.525,391.870.999,365.868.473,387.722.778,432.182.407,42.079.916,432.551.336,45.493.989,471.002.245,477.322.769,48.887.229,498.188.066,515.119.171,535.107.994,,
Cote d'Ivoire,CIV,Current health expenditure (% of GDP),SH.XPD.CHEX.GD.ZS,,,,,,,,,,,,,,,,,,,,,,,,,,,,,,,,,,,,,,,,,559.964.752,479.337.454,43.950.634,454.102.564,515.417.147,52.876.687,575.623.083,629.261.971,631.469.202,617.719.936,610.366.869,607.790.899,611.988.115,513.896.704,515.732.431,442.198.133,453.622.293,445.303.488,419.003.773,,
Cameroon,CMR,Current health expenditure (% of GDP),SH.XPD.CHEX.GD.ZS,,,,,,,,,,,,,,,,,,,,,,,,,,,,,,,,,,,,,,,,,429.790.974,409.759.188,429.549.456,426.849.031,401.539.326,409.552.193,40.291.419,39.596.808,382.387.352,373.968.959,375.899.553,401.686.096,407.313.347,378.502.822,395.040.631,374.885.845,372.961.879,34.925.251,352.989.626,,
"Congo, Dem. Rep.",COD,Current health expenditure (% of GDP),SH.XPD.CHEX.GD.ZS,,,,,,,,,,,,,,,,,,,,,,,,,,,,,,,,,,,,,,,,,145.309.758,26.104.486,255.746.818,37.208.724,432.298.088,415.535.212,429.650.307,423.824.692,489.141.369,444.885.302,374.988.651,321.934.819,330.099.463,356.509.233,397.941.589,399.593.234,436.690.283,415.728.664,330.075.741,,
"Congo, Rep.",COG,Current health expenditure (% of GDP),SH.XPD.CHEX.GD.ZS,,,,,,,,,,,,,,,,,,,,,,,,,,,,,,,,,,,,,,,,,169.392.455,237.584.233,187.626.672,211.587.858,210.554.647,187.587.202,178.239.918,224.364.161,25.532.465,222.144.175,198.057.461,185.153.627,247.433.209,248.846.722,250.741.982,341.535.068,346.238.065,293.953.753,213.848.233,,
Colombia,COL,Current health expenditure (% of GDP),SH.XPD.CHEX.GD.ZS,,,,,,,,,,,,,,,,,,,,,,,,,,,,,,,,,,,,,,,,,563.529.348,594.238.234,573.295.689,577.505.875,579.892.826,606.709.814,633.551.502,649.102.831,684.192.705,731.134.653,707.130.146,678.076.839,674.599.648,701.724.052,718.553.209,752.338.552,753.117.037,767.864.275,763.980.007,,
Comoros,COM,Current health expenditure (% of GDP),SH.XPD.CHEX.GD.ZS,,,,,,,,,,,,,,,,,,,,,,,,,,,,,,,,,,,,,,,,,731.747.961,648.650.169,649.571.133,615.899.706,603.137.445,582.406.998,568.997.049,546.857.214,521.697.044,507.112.646,509.492.636,543.611.145,467.309.475,460.162.401,455.703.831,473.517.609,470.250.511,464.801.407,458.884.811,,
Cabo Verde,CPV,Current health expenditure (% of GDP),SH.XPD.CHEX.GD.ZS,,,,,,,,,,,,,,,,,,,,,,,,,,,,,,,,,,,,,,,,,443.401.194,475.244.379,475.569.439,450.008.631,437.710.667,427.364.111,448.974.991,418.900.156,358.312.869,388.152.456,447.555.733,430.527.449,513.365.459,528.994.226,532.722.235,481.784.487,4.845.016,536.013.222,535.998.297,,
Costa Rica,CRI,Current health expenditure (% of GDP),SH.XPD.CHEX.GD.ZS,,,,,,,,,,,,,,,,,,,,,,,,,,,,,,,,,,,,,,,,,659.314.299,649.965.191,689.989.567,699.989.271,665.927.315,669.515.944,696.992.493,703.324.175,751.461.315,790.734.673,811.340.141,821.805.191,791.351.128,786.832.047,788.175.106,782.285.929,75.334.692,732.879.639,756.336.021,,
Caribbean small states,CSS,Current health expenditure (% of GDP),SH.XPD.CHEX.GD.ZS,,,,,,,,,,,,,,,,,,,,,,,,,,,,,,,,,,,,,,,,,47.282.980.034.943,455.752.486.811.088,467.965.157.124.139,450.641.459.007.787,473.305.200.034.878,466.166.665.386.575,459.954.365.455.806,481.313.855.611.703,470.685.423.111.997,545.267.173.893.469,533.413.502.412.126,517.777.723.468.496,51.786.834.466.299,530.295.019.744.467,537.520.988.710.826,573.761.265.286.781,610.669.861.475.335,641.524.616.377.996,637.330.337.902.145,,
Cuba,CUB,Current health expenditure (% of GDP),SH.XPD.CHEX.GD.ZS,,,,,,,,,,,,,,,,,,,,,,,,,,,,,,,,,,,,,,,,,658.189.821,698.209.763,711.481.667,710.295.439,683.178.759,875.525.475,82.719.059,1.096.749.115,1.131.422.806,1.229.053.974,106.880.827,1.131.298.637,929.940.987,1.043.099.499,121.412.344,1.281.401.348,122.177.515,117.113.266,1.118.745.422,,
Curacao,CUW,Current health expenditure (% of GDP),SH.XPD.CHEX.GD.ZS,,,,,,,,,,,,,,,,,,,,,,,,,,,,,,,,,,,,,,,,,,,,,,,,,,,,,,,,,,,,,
Cayman Islands,CYM,Current health expenditure (% of GDP),SH.XPD.CHEX.GD.ZS,,,,,,,,,,,,,,,,,,,,,,,,,,,,,,,,,,,,,,,,,,,,,,,,,,,,,,,,,,,,,
Cyprus,CYP,Current health expenditure (% of GDP),SH.XPD.CHEX.GD.ZS,,,,,,,,,,,,,,,,,,,,,,,,,,,,,,,,,,,,,,,,,530.800.056,533.940.458,561.565.971,563.568.783,540.558.147,543.580.961,546.357.489,535.744.858,601.427.698,646.531.582,651.767.111,644.928.503,655.474.567,694.518.471,69.609.561,692.568.588,683.423.901,673.828.936,676.976.299,,
Czech Republic,CZE,Current health expenditure (% of GDP),SH.XPD.CHEX.GD.ZS,,,,,,,,,,,,,,,,,,,,,,,,,,,,,,,,,,,,,,,,,571.755.314,588.764.715,619.887.209,655.446.577,63.854.723,638.101.006,619.553.137,601.604.843,635.973.358,729.290.485,692.806.244,697.689.199,702.843.523,780.669.546,765.308.523,724.275.684,71.495.986,723.133.898,764.651.203,,
Germany,DEU,Current health expenditure (% of GDP),SH.XPD.CHEX.GD.ZS,,,,,,,,,,,,,,,,,,,,,,,,,,,,,,,,,,,,,,,,,98.881.979,992.046.165,1.018.361.187,1.040.197.659,1.014.598.751,1.031.149.673,1.017.961.693,1.005.104.923,102.510.128,1.123.758.507,110.968.647,1.077.629.662,1.084.700.775,1.099.187.183,1.101.583.958,1.117.801.952,1.123.043.633,1.132.229.614,1.142.995.071,,
Djibouti,DJI,Current health expenditure (% of GDP),SH.XPD.CHEX.GD.ZS,,,,,,,,,,,,,,,,,,,,,,,,,,,,,,,,,,,,,,,,,293.908.072,28.072.207,358.787.632,397.685.766,332.442.927,322.467.232,348.426.819,341.498.637,319.098.687,321.451.879,306.150.365,33.765.645,3.299.927,292.013.574,296.522.927,307.555.771,272.740.006,246.476.316,232.438.445,,
Dominica,DMA,Current health expenditure (% of GDP),SH.XPD.CHEX.GD.ZS,,,,,,,,,,,,,,,,,,,,,,,,,,,,,,,,,,,,,,,,,53.237.443,46.450.181,46.531.105,484.617.901,474.520.159,497.772.503,478.092.194,479.109.907,504.968.786,498.329.306,51.571.188,533.450.365,579.509.926,530.803.347,522.792.864,51.857.729,515.253.305,544.028.521,659.153.605,,
Denmark,DNK,Current health expenditure (% of GDP),SH.XPD.CHEX.GD.ZS,,,,,,,,,,,,,,,,,,,,,,,,,,,,,,,,,,,,,,,,,810.438.347,844.832.611,870.251.179,89.036.293,900.743.198,90.905.695,916.879.559,93.251.543,951.134.396,1.067.432.022,1.033.315.945,1.015.291.023,1.024.135.303,1.016.958.141,1.017.190.456,1.022.716.618,1.014.456.177,1.003.963.375,100.707.159,,
Dominican Republic,DOM,Current health expenditure (% of GDP),SH.XPD.CHEX.GD.ZS,,,,,,,,,,,,,,,,,,,,,,,,,,,,,,,,,,,,,,,,,488.427.496,488.183.308,498.649.025,438.888.311,42.877.388,435.391.188,399.365.425,420.732.832,472.506.762,508.706.474,557.939.434,566.508.865,588.521.528,576.407.719,575.102.663,578.464.127,582.759.809,583.058.691,573.298.407,,
Algeria,DZA,Current health expenditure (% of GDP),SH.XPD.CHEX.GD.ZS,,,,,,,,,,,,,,,,,,,,,,,,,,,,,,,,,,,,,,,,,348.903.275,383.787.704,37.300.415,360.104.108,35.440.731,32.351.613,335.510.325,382.141.781,420.188.236,535.939.837,511.716.986,526.748.085,600.050.974,603.576.279,654.721.403,697.849.178,660.778.189,638.032.866,62.184.267,,
East Asia & Pacific (excluding high income),EAP,Current health expenditure (% of GDP),SH.XPD.CHEX.GD.ZS,,,,,,,,,,,,,,,,,,,,,,,,,,,,,,,,,,,,,,,,,3.958.370.741.384,385.746.146.123.275,391.151.257.086.062,39.784.041.902.007,388.711.751.467.091,388.278.598.497.518,373.555.206.558.382,356.826.724.784.118,373.401.598.065.949,412.654.695.968.673,403.218.377.823.789,414.104.496.874.896,434.565.647.388.372,450.472.463.456.742,45.890.126.842.808,469.823.785.847.618,477.657.944.580.812,491.104.431.890.026,509.038.284.289.168,,
Early-demographic dividend,EAR,Current health expenditure (% of GDP),SH.XPD.CHEX.GD.ZS,,,,,,,,,,,,,,,,,,,,,,,,,,,,,,,,,,,,,,,,,487.494.710.662.978,512.101.710.927.745,483.805.647.610.313,493.396.341.756.262,48.829.193.568.813,483.159.605.240.422,48.440.704.049.569,482.324.774.054.467,47.802.558.241.118,518.005.189.168.512,500.716.831.721.199,495.055.198.334.786,503.642.370.782.574,507.474.375.505.409,511.327.088.283.235,52.187.553.178.751,508.285.969.418.459,519.982.445.731.069,499.168.009.995.052,,
East Asia & Pacific,EAS,Current health expenditure (% of GDP),SH.XPD.CHEX.GD.ZS,,,,,,,,,,,,,,,,,,,,,,,,,,,,,,,,,,,,,,,,,618.459.473.306.487,621.820.498.676.364,618.296.931.951.702,627.953.457.259.776,625.080.926.064.923,620.064.047.722.659,600.174.747.057.136,579.227.652.160.224,594.419.663.545.222,643.576.096.290.443,631.924.486.004.096,675.059.183.835.627,680.989.668.520.884,65.791.626.437.351,651.195.403.853.632,647.030.071.082.542,659.398.006.260.035,658.594.210.920.844,668.437.783.841.147,,
Europe & Central Asia (excluding high income),ECA,Current health expenditure (% of GDP),SH.XPD.CHEX.GD.ZS,,,,,,,,,,,,,,,,,,,,,,,,,,,,,,,,,,,,,,,,,4.892.323.985.821,517.667.455.246.837,541.997.776.804.612,535.272.186.312.312,512.390.703.793.162,510.230.079.208.235,50.827.895.030.733,502.641.085.746.371,507.217.852.855.556,56.009.485.778.909,514.096.239.041.967,485.934.289.295.469,494.747.695.587.036,500.046.538.270.062,503.446.910.410.775,502.953.189.654.994,510.418.013.466.357,512.495.884.839.722,517.963.794.424.045,,
Europe & Central Asia,ECS,Current health expenditure (% of GDP),SH.XPD.CHEX.GD.ZS,,,,,,,,,,,,,,,,,,,,,,,,,,,,,,,,,,,,,,,,,802.800.198.465.301,821.994.748.518.479,847.597.567.650.007,86.640.820.668.985,864.781.396.889.125,863.043.339.282.677,856.466.607.357.257,846.421.271.160.499,863.993.378.862.768,945.131.933.655.812,922.099.615.800.115,905.964.189.125.108,906.610.225.775.159,910.515.066.182.339,92.116.457.203.685,928.930.088.190.218,93.419.949.385.593,926.457.616.668.426,929.894.471.984.055,,
Ecuador,ECU,Current health expenditure (% of GDP),SH.XPD.CHEX.GD.ZS,,,,,,,,,,,,,,,,,,,,,,,,,,,,,,,,,,,,,,,,,331.528.974,373.755.836,445.758.963,542.486,555.078.459,557.841.349,5.687.222,58.648.901,581.637.669,64.387.331,712.195.635,786.521.816,847.968.197,855.983.448,862.127.495,858.845.711,829.596.043,825.742.912,813.646.507,,
"Egypt, Arab Rep.",EGY,Current health expenditure (% of GDP),SH.XPD.CHEX.GD.ZS,,,,,,,,,,,,,,,,,,,,,,,,,,,,,,,,,,,,,,,,,492.244.291,540.030.336,55.107.379,52.242.527,485.732.365,492.229.176,484.190.083,444.493.246,446.634.817,437.870.979,415.319.157,435.707.569,471.025.944,491.730.928,502.518.845,533.657.265,536.399.841,563.305.616,4.947.577,,
Euro area,EMU,Current health expenditure (% of GDP),SH.XPD.CHEX.GD.ZS,,,,,,,,,,,,,,,,,,,,,,,,,,,,,,,,,,,,,,,,,863.822.445.362.188,874.006.052.559.709,896.028.700.241.106,917.173.774.165.326,919.718.258.275.648,929.495.863.911.654,92.874.154.261.094,918.954.960.089.718,948.898.187.355.223,102.508.995.513.994,102.109.288.180.798,100.912.142.192.139,10.176.541.357.331,102.351.052.749.883,102.663.679.477.029,102.124.558.841.355,101.963.341.277.329,101.596.624.478.469,101.379.246.099.839,,
Eritrea,ERI,Current health expenditure (% of GDP),SH.XPD.CHEX.GD.ZS,,,,,,,,,,,,,,,,,,,,,,,,,,,,,,,,,,,,,,,,,576.670.074,591.931.629,668.851.233,733.703.375,700.984.907,68.641.758,685.840.464,52.786.293,641.520.452,538.878.536,491.415.453,521.496.344,377.572.441,499.239.731,405.145.597,44.600.234,353.811.574,376.475.835,409.255.791,,
Spain,ESP,Current health expenditure (% of GDP),SH.XPD.CHEX.GD.ZS,,,,,,,,,,,,,,,,,,,,,,,,,,,,,,,,,,,,,,,,,679.921.818,676.895.761,680.052.805,756.392.097,765.912.247,773.195.314,782.912.683,79.183.569,83.818.779,910.707.188,91.185.751,916.859.245,915.699.196,906.737.709,909.010.506,912.686.825,89.523.859,894.249.249,897.741.413,,
Estonia,EST,Current health expenditure (% of GDP),SH.XPD.CHEX.GD.ZS,,,,,,,,,,,,,,,,,,,,,,,,,,,,,,,,,,,,,,,,,515.698.433,477.708.292,470.043.564,485.959.911,5.119.555,505.801.439,476.530.361,498.330.879,571.032.381,651.218.891,627.224.827,576.757.813,579.034.519,597.791.481,608.077.621,634.629.202,642.956.781,659.183.788,66.878.767,,
Ethiopia,ETH,Current health expenditure (% of GDP),SH.XPD.CHEX.GD.ZS,,,,,,,,,,,,,,,,,,,,,,,,,,,,,,,,,,,,,,,,,43.650.465,472.316.694,47.126.298,489.970.922,431.281.853,410.098.124,445.757.294,500.128.365,428.063.917,464.983.416,546.637.201,446.897.793,453.959.608,407.506.514,403.365.517,382.316.828,366.298.747,350.331.593,329.555.655,,
European Union,EUU,Current health expenditure (% of GDP),SH.XPD.CHEX.GD.ZS,,,,,,,,,,,,,,,,,,,,,,,,,,,,,,,,,,,,,,,,,84.318.323.880.403,855.444.792.081.935,877.660.365.944.233,899.468.763.933.815,900.040.541.550.999,907.078.545.020.562,904.006.179.536.276,893.025.884.275.679,919.994.674.130.111,995.766.625.916.636,988.243.337.062.508,982.390.857.818.722,991.232.471.799.853,997.957.550.158.613,100.005.549.074.902,993.594.569.186.826,992.895.802.404.746,987.969.389.730.372,985.591.128.283.436,,
Fragile and conflict affected situations,FCS,Current health expenditure (% of GDP),SH.XPD.CHEX.GD.ZS,,,,,,,,,,,,,,,,,,,,,,,,,,,,,,,,,,,,,,,,,509.178.291.457.483,550.533.928.516.944,502.597.414.078.137,539.592.103.779.087,508.946.370.352.467,465.108.780.903.751,502.930.950.612.962,491.362.889.033.949,452.979.704.084.938,518.627.422.768.058,476.868.290.554.016,464.832.990.942.763,44.922.355.946.922,434.863.611.442.068,449.798.921.917.966,445.509.971.572.647,449.293.840.464.373,465.181.816.371.839,443.640.194.802.151,,
Finland,FIN,Current health expenditure (% of GDP),SH.XPD.CHEX.GD.ZS,,,,,,,,,,,,,,,,,,,,,,,,,,,,,,,,,,,,,,,,,709.253.168,725.090.408,762.769.508,793.805.122,805.912.876,828.795.624,82.841.177,808.359.337,834.310.627,916.122.246,914.202.785,922.303.009,95.857.954,980.534.649,978.115.082,964.523.888,937.796.021,914.156.628,9.037.323,,
Fiji,FJI,Current health expenditure (% of GDP),SH.XPD.CHEX.GD.ZS,,,,,,,,,,,,,,,,,,,,,,,,,,,,,,,,,,,,,,,,,342.441.201,290.547.323,2.983.495,297.298.193,325.768.542,325.656.676,334.798.169,341.514.993,31.846.714,353.587.651,3.416.641,314.293.504,32.655.499,320.040.703,33.686.049,332.468.939,327.979.708,318.689.561,342.366.552,,
France,FRA,Current health expenditure (% of GDP),SH.XPD.CHEX.GD.ZS,,,,,,,,,,,,,,,,,,,,,,,,,,,,,,,,,,,,,,,,,958.447.742,970.562.744,1.002.218.628,1.008.283.329,1.016.429.329,102.148.447,1.039.308.834,1.033.102.131,1.051.212.215,1.129.670.525,1.124.011.326,1.120.183.182,1.131.324.291,1.143.607.998,1.158.073.521,1.146.616.745,1.150.134.468,1.139.050.198,1.125.789.452,,
Faroe Islands,FRO,Current health expenditure (% of GDP),SH.XPD.CHEX.GD.ZS,,,,,,,,,,,,,,,,,,,,,,,,,,,,,,,,,,,,,,,,,,,,,,,,,,,,,,,,,,,,,
"Micronesia, Fed. Sts.",FSM,Current health expenditure (% of GDP),SH.XPD.CHEX.GD.ZS,,,,,,,,,,,,,,,,,,,,,,,,,,,,,,,,,,,,,,,,,776.511.145,845.260.048,78.972.044,957.150.459,1.202.715.683,1.773.306.656,1.074.129.105,110.585.041,1.199.137.974,1.255.259.228,1.310.624.504,1.309.527.493,1.231.475.735,1.217.689.991,1.176.905.727,1.249.603.271,1.317.891.884,1.231.883.812,1.259.075.356,,
Gabon,GAB,Current health expenditure (% of GDP),SH.XPD.CHEX.GD.ZS,,,,,,,,,,,,,,,,,,,,,,,,,,,,,,,,,,,,,,,,,290.536.857,315.246.534,333.045.912,35.369.184,333.139.825,293.410.254,31.450.901,31.515.007,2.794.451,383.981.419,247.556.901,255.771.565,242.097.569,284.087.181,253.282.237,265.743.947,31.076.982,278.074.527,274.503.946,,
United Kingdom,GBR,Current health expenditure (% of GDP),SH.XPD.CHEX.GD.ZS,,,,,,,,,,,,,,,,,,,,,,,,,,,,,,,,,,,,,,,,,728.434.992,76.549.964,802.424.622,821.229.839,848.447.704,853.398.705,869.737.816,887.322.426,916.623.402,1.001.600.361,998.915.195,997.346.497,100.517.683,997.855.186,995.758.438,990.435.219,986.671.162,982.511.234,999.696.255,,
Georgia,GEO,Current health expenditure (% of GDP),SH.XPD.CHEX.GD.ZS,,,,,,,,,,,,,,,,,,,,,,,,,,,,,,,,,,,,,,,,,739.698.839,737.039.232,803.379.822,82.554.884,83.163.681,830.393.314,784.626.532,764.387.417,868.152.046,983.542.728,954.538.918,838.810.349,837.314.224,83.957.243,843.881.893,793.235.874,842.134.666,705.804.443,711.329.746,,
Ghana,GHA,Current health expenditure (% of GDP),SH.XPD.CHEX.GD.ZS,,,,,,,,,,,,,,,,,,,,,,,,,,,,,,,,,,,,,,,,,300.223.541,338.096.738,299.873.066,302.463.651,310.012.674,397.779.608,39.613.142,406.612.778,419.730.759,470.667.505,469.206.762,474.449.921,418.723.392,462.300.539,410.044.813,462.171.459,346.157.742,332.977.843,353.888.083,,
Gibraltar,GIB,Current health expenditure (% of GDP),SH.XPD.CHEX.GD.ZS,,,,,,,,,,,,,,,,,,,,,,,,,,,,,,,,,,,,,,,,,,,,,,,,,,,,,,,,,,,,,
Guinea,GIN,Current health expenditure (% of GDP),SH.XPD.CHEX.GD.ZS,,,,,,,,,,,,,,,,,,,,,,,,,,,,,,,,,,,,,,,,,474.565.029,488.879.013,536.134.958,477.804.708,478.207.541,404.244.757,361.067.438,343.229.818,326.221.275,357.714.295,342.332.411,378.955.078,350.398.302,346.079.683,478.097.677,580.920.601,539.708.233,427.482.462,393.172.431,,
"Gambia, The",GMB,Current health expenditure (% of GDP),SH.XPD.CHEX.GD.ZS,,,,,,,,,,,,,,,,,,,,,,,,,,,,,,,,,,,,,,,,,663.892.317,562.362.909,62.633.357,531.111.097,540.308.571,537.833.881,541.599.321,49.471.097,46.473.093,443.418.264,409.267.378,434.501.791,4.230.021,391.374.874,36.996.479,317.612.934,319.347.262,334.084.225,309.379.649,,
Guinea-Bissau,GNB,Current health expenditure (% of GDP),SH.XPD.CHEX.GD.ZS,,,,,,,,,,,,,,,,,,,,,,,,,,,,,,,,,,,,,,,,,684.018.946,639.969.349,615.985.727,650.510.693,766.747.808,722.372.293,708.390.236,736.150.503,695.112.944,700.096.798,646.586.418,613.526.964,576.361.847,69.278.307,951.437.759,859.115.314,765.348.768,684.708.118,699.553.871,,
Equatorial Guinea,GNQ,Current health expenditure (% of GDP),SH.XPD.CHEX.GD.ZS,,,,,,,,,,,,,,,,,,,,,,,,,,,,,,,,,,,,,,,,,214.664.936,220.369.768,234.778.309,194.392.169,173.176.396,149.995.625,151.862.013,157.125.568,182.917.058,184.437.954,181.862.855,155.357.504,126.357.353,187.567.019,219.292.879,291.533.971,314.452.434,301.081.419,299.830.961,,
Greece,GRC,Current health expenditure (% of GDP),SH.XPD.CHEX.GD.ZS,,,,,,,,,,,,,,,,,,,,,,,,,,,,,,,,,,,,,,,,,724.332.571,79.878.397,823.378.086,844.915.676,809.390.354,856.466.961,825.866.985,839.808.178,882.774.258,940.688.515,951.564.121,902.808.571,879.238.129,831.875.896,784.993.553,801.678.371,821.496.582,796.522.522,771.544.075,,
Grenada,GRD,Current health expenditure (% of GDP),SH.XPD.CHEX.GD.ZS,,,,,,,,,,,,,,,,,,,,,,,,,,,,,,,,,,,,,,,,,535.886.383,562.456.989,61.756.978,528.485.727,536.568.451,514.460.278,511.352.158,523.867.893,5.386.199,543.471.003,541.881.227,580.423.355,582.235.813,562.652.922,477.353.573,464.675.617,444.077.301,459.776.449,446.386.862,,
Greenland,GRL,Current health expenditure (% of GDP),SH.XPD.CHEX.GD.ZS,,,,,,,,,,,,,,,,,,,,,,,,,,,,,,,,,,,,,,,,,,,,,,,,,,,,,,,,,,,,,
Guatemala,GTM,Current health expenditure (% of GDP),SH.XPD.CHEX.GD.ZS,,,,,,,,,,,,,,,,,,,,,,,,,,,,,,,,,,,,,,,,,569.112.062,640.109.396,634.377.003,647.980.595,65.285.573,636.888.361,659.030.056,635.892.963,62.551.446,638.094.711,614.943.743,593.635.654,601.474.953,568.028.307,580.132.627,585.707.808,583.935.881,581.384.373,570.716.429,,
Guam,GUM,Current health expenditure (% of GDP),SH.XPD.CHEX.GD.ZS,,,,,,,,,,,,,,,,,,,,,,,,,,,,,,,,,,,,,,,,,,,,,,,,,,,,,,,,,,,,,
Guyana,GUY,Current health expenditure (% of GDP),SH.XPD.CHEX.GD.ZS,,,,,,,,,,,,,,,,,,,,,,,,,,,,,,,,,,,,,,,,,419.365.501,402.737.045,421.835.184,42.945.528,472.486.782,497.511.816,521.391.296,554.291.868,558.608.246,570.194.817,586.968.994,55.727.334,515.344.524,523.556.042,531.300.068,536.894.894,514.076.519,565.979.004,593.609.333,,
High income,HIC,Current health expenditure (% of GDP),SH.XPD.CHEX.GD.ZS,,,,,,,,,,,,,,,,,,,,,,,,,,,,,,,,,,,,,,,,,947.506.387.770.864,996.534.028.198.806,103.835.921.302.163,105.535.304.085.138,105.108.641.223.408,105.424.854.452.217,105.863.321.470.331,105.677.349.728.798,107.519.692.017.846,117.166.748.082.469,116.288.774.288.005,11.650.957.396.579,117.802.155.106.387,118.120.246.950.867,119.703.709.299.682,123.765.348.154.544,125.541.346.810.629,125.236.241.035.426,124.636.793.860.796,,
"Hong Kong SAR, China",HKG,Current health expenditure (% of GDP),SH.XPD.CHEX.GD.ZS,,,,,,,,,,,,,,,,,,,,,,,,,,,,,,,,,,,,,,,,,,,,,,,,,,,,,,,,,,,,,
Honduras,HND,Current health expenditure (% of GDP),SH.XPD.CHEX.GD.ZS,,,,,,,,,,,,,,,,,,,,,,,,,,,,,,,,,,,,,,,,,626.817.942,592.998.314,62.445.755,68.900.466,685.484.314,750.086.403,786.318.684,808.494.949,860.362.625,89.959.259,872.536.373,879.187.012,865.655.136,847.723.007,791.455.746,748.378.992,769.098.616,700.069.904,704.958.153,,
Heavily indebted poor countries (HIPC),HPC,Current health expenditure (% of GDP),SH.XPD.CHEX.GD.ZS,,,,,,,,,,,,,,,,,,,,,,,,,,,,,,,,,,,,,,,,,428.324.616.967.931,464.142.616.669.313,480.746.515.653.413,502.419.946.992.472,526.270.789.774.852,536.978.941.240.322,548.905.062.293.014,555.056.575.531.206,533.774.602.816.524,573.796.043.186.259,55.794.809.216.854,54.576.745.598.455,53.143.075.792.003,536.326.670.542.997,529.213.414.263.075,555.856.075.618.994,53.472.307.646.492,519.369.346.166.299,486.281.757.924.908,,
Croatia,HRV,Current health expenditure (% of GDP),SH.XPD.CHEX.GD.ZS,,,,,,,,,,,,,,,,,,,,,,,,,,,,,,,,,,,,,,,,,770.187.807,719.601.297,620.467.758,635.693.502,656.943.607,690.637.589,697.705.221,746.290.779,7.725.914,817.594.814,810.364.056,779.134.035,77.956.953,653.333.521,669.970.798,678.635.979,682.976.627,677.827.311,682.702.351,,
Haiti,HTI,Current health expenditure (% of GDP),SH.XPD.CHEX.GD.ZS,,,,,,,,,,,,,,,,,,,,,,,,,,,,,,,,,,,,,,,,,687.873.936,660.283.327,598.888.016,576.704.884,585.191.727,550.935.555,55.010.376,590.158.033,601.590.109,616.915.989,814.559.841,102.313.633,966.829.586,723.788.214,779.763.603,862.852.955,843.686.771,808.468.342,769.460.344,,
Hungary,HUN,Current health expenditure (% of GDP),SH.XPD.CHEX.GD.ZS,,,,,,,,,,,,,,,,,,,,,,,,,,,,,,,,,,,,,,,,,677.804.375,682.614.756,712.101.698,811.923.409,777.005.482,800.078.201,778.737.354,721.529.293,709.688.091,72.392.807,75.076.437,752.545.595,744.883.251,724.911.928,707.047.558,688.948.917,704.818.678,679.227.543,670.007.229,,
IBRD only,IBD,Current health expenditure (% of GDP),SH.XPD.CHEX.GD.ZS,,,,,,,,,,,,,,,,,,,,,,,,,,,,,,,,,,,,,,,,,525.197.643.618.061,530.933.593.846.986,518.200.510.678.169,518.514.544.742.876,511.520.744.207.581,508.153.355.297.419,504.297.370.968.824,496.050.132.975.912,501.633.254.927.418,539.255.778.124.896,519.792.008.883.231,514.323.370.662.399,520.659.247.854.906,528.550.189.932.695,533.455.972.488.263,538.658.455.021.642,541.686.654.773.038,555.646.811.824.096,554.751.001.072.182,,
IDA & IBRD total,IBT,Current health expenditure (% of GDP),SH.XPD.CHEX.GD.ZS,,,,,,,,,,,,,,,,,,,,,,,,,,,,,,,,,,,,,,,,,513.444.673.316.814,519.848.035.745.807,507.024.927.719.983,511.514.403.769.047,505.073.077.303.433,502.613.139.949.389,499.451.797.936.537,491.715.777.570.886,496.389.479.898.277,532.002.226.752.671,513.379.334.123.602,50.783.671.052.679,513.668.121.206.558,521.407.686.933.514,525.437.399.115.453,530.699.830.108.787,53.335.006.265.768,546.343.466.750.448,545.312.634.127.271,,
IDA total,IDA,Current health expenditure (% of GDP),SH.XPD.CHEX.GD.ZS,,,,,,,,,,,,,,,,,,,,,,,,,,,,,,,,,,,,,,,,,361.267.702.606.733,373.010.372.752.968,369.815.677.825.831,424.924.087.514.816,423.976.204.354.902,4.310.961.711.956,438.058.515.063.026,433.779.289.760.716,423.128.189.007.253,43.228.777.402.429,421.091.102.860.592,409.836.184.414.055,409.575.530.168.542,419.112.433.404.728,414.610.954.613.174,42.787.181.109.458,420.391.195.068.199,412.283.995.163.542,408.866.968.899.952,,
IDA blend,IDB,Current health expenditure (% of GDP),SH.XPD.CHEX.GD.ZS,,,,,,,,,,,,,,,,,,,,,,,,,,,,,,,,,,,,,,,,,333.738.283.252.422,32.714.024.583.677,301.046.489.476.658,395.611.595.553.259,37.605.942.986.223,384.629.377.038.454,390.764.289.728.551,379.451.809.201.638,363.082.610.399.196,350.070.348.890.347,350.411.561.275.997,33.944.737.569.862,346.118.665.204.562,357.173.936.351.287,352.606.487.503.925,36.073.793.575.128,370.378.934.294.207,364.284.259.118.273,379.918.359.239.686,,
Indonesia,IDN,Current health expenditure (% of GDP),SH.XPD.CHEX.GD.ZS,,,,,,,,,,,,,,,,,,,,,,,,,,,,,,,,,,,,,,,,,190.931.416,217.417.526,203.304.791,230.133.748,217.213.154,258.409.047,267.202.187,287.617.064,261.300.087,268.494.344,296.089.983,295.542.026,29.028.666,296.065.068,311.712.098,299.113.512,308.569.908,286.824.059,287.053.037,,
IDA only,IDX,Current health expenditure (% of GDP),SH.XPD.CHEX.GD.ZS,,,,,,,,,,,,,,,,,,,,,,,,,,,,,,,,,,,,,,,,,383.418.542.944.535,41.025.923.261.585,427.029.491.111.069,449.698.322.756.895,467.834.795.734.067,476.112.516.625.136,487.673.091.342.124,488.604.191.558.719,488.043.571.633.612,51.110.527.295.693,492.721.572.542.159,484.297.076.751.641,480.744.236.438.274,48.678.996.551.326,482.461.084.107.305,497.035.897.810.364,468.736.256.779.232,454.493.363.189.872,433.680.552.044.022,,
Isle of Man,IMN,Current health expenditure (% of GDP),SH.XPD.CHEX.GD.ZS,,,,,,,,,,,,,,,,,,,,,,,,,,,,,,,,,,,,,,,,,,,,,,,,,,,,,,,,,,,,,
India,IND,Current health expenditure (% of GDP),SH.XPD.CHEX.GD.ZS,,,,,,,,,,,,,,,,,,,,,,,,,,,,,,,,,,,,,,,,,403.493.309,426.278.067,424.016.762,400.848.055,395.739.198,379.116.249,363.477.802,351.754.212,351.468.062,348.537.874,327.211.905,324.634.194,332.935.309,374.944.162,361.956.549,359.565.997,351.098.323,353.500.652,3.544.245,,
Not classified,INX,Current health expenditure (% of GDP),SH.XPD.CHEX.GD.ZS,,,,,,,,,,,,,,,,,,,,,,,,,,,,,,,,,,,,,,,,,,,,,,,,,,,,,,,,,,,,,
Ireland,IRL,Current health expenditure (% of GDP),SH.XPD.CHEX.GD.ZS,,,,,,,,,,,,,,,,,,,,,,,,,,,,,,,,,,,,,,,,,590.528.059,639.933.586,667.451.334,700.860.691,722.511.625,764.780.617,75.133.214,780.248.547,910.202.408,1.048.682.594,1.050.265.503,1.070.849.514,1.068.722.248,1.030.022.049,967.580.032,731.716.299,74.142.108,715.484.905,692.870.378,,
"Iran, Islamic Rep.",IRN,Current health expenditure (% of GDP),SH.XPD.CHEX.GD.ZS,,,,,,,,,,,,,,,,,,,,,,,,,,,,,,,,,,,,,,,,,473.503.828,510.817.003,475.592.756,513.223.505,518.574.619,530.572.176,519.862.604,503.977.919,52.816.844,655.954.552,675.473.118,660.725.069,663.648.605,599.379.873,69.135.108,776.057.911,885.950.661,865.966.415,866.168.594,,
Iraq,IRQ,Current health expenditure (% of GDP),SH.XPD.CHEX.GD.ZS,,,,,,,,,,,,,,,,,,,,,,,,,,,,,,,,,,,,,,,,,,,,299.196.029,384.302.664,289.739.919,242.247.868,310.637.736,303.573.871,376.825.881,323.055.601,279.131.818,269.039.416,281.939.769,279.654.908,314.279.079,32.278.583,412.501.717,41.062.417,,
Iceland,ISL,Current health expenditure (% of GDP),SH.XPD.CHEX.GD.ZS,,,,,,,,,,,,,,,,,,,,,,,,,,,,,,,,,,,,,,,,,895.112.514,881.703.854,948.969.269,997.767.162,946.441.174,914.713.573,882.959.843,863.206.863,858.694.077,886.763.096,853.229.141,825.131.226,819.516.754,822.141.075,827.935.791,813.130.188,816.513.538,83.432.579,846.930.885,,
Israel,ISR,Current health expenditure (% of GDP),SH.XPD.CHEX.GD.ZS,,,,,,,,,,,,,,,,,,,,,,,,,,,,,,,,,,,,,,,,,680.195.379,722.640.753,71.476.779,708.944.702,702.626.944,712.387.037,691.167.355,688.591.146,696.814.823,706.644.821,701.676.989,697.842.979,711.489.153,70.793.376,715.390.539,710.652.399,715.261.269,749.766.827,751.703.548,,
Italy,ITA,Current health expenditure (% of GDP),SH.XPD.CHEX.GD.ZS,,,,,,,,,,,,,,,,,,,,,,,,,,,,,,,,,,,,,,,,,756.665.564,773.760.843,786.693.525,783.297.729,816.549.301,833.931.828,843.673.038,813.610.077,853.282.356,895.162.296,891.602.039,877.413.177,878.352.833,877.543.831,886.791.897,885.689.163,872.533.035,86.777.401,866.763.401,,
Jamaica,JAM,Current health expenditure (% of GDP),SH.XPD.CHEX.GD.ZS,,,,,,,,,,,,,,,,,,,,,,,,,,,,,,,,,,,,,,,,,564.462.566,515.652.943,474.544.334,422.014.093,480.435.324,454.581.738,420.788.145,532.057.667,561.143.064,51.465.435,529.506.969,523.800.421,488.512.135,495.499.468,516.615.725,562.562.609,570.750.713,614.377.928,606.135.607,,
Jordan,JOR,Current health expenditure (% of GDP),SH.XPD.CHEX.GD.ZS,,,,,,,,,,,,,,,,,,,,,,,,,,,,,,,,,,,,,,,,,963.493.919,988.527.393,965.557.861,911.606.026,902.237.034,886.274.529,80.562.067,830.104.733,875.392.818,95.021.286,838.929.749,829.931.927,78.829.236,724.769.545,731.149.483,759.315.777,72.834.053,811.925.125,779.041.338,,
Japan,JPN,Current health expenditure (% of GDP),SH.XPD.CHEX.GD.ZS,,,,,,,,,,,,,,,,,,,,,,,,,,,,,,,,,,,,,,,,,715.091.324,735.919.762,747.336.435,761.100.292,765.719.414,778.066.874,780.784.273,789.046.049,819.951.439,90.582.962,915.677.357,1.061.671.734,1.079.065.323,1.079.159.355,1.083.204.937,1.088.550.663,1.083.460.999,1.079.634.285,1.095.338.821,,
Kazakhstan,KAZ,Current health expenditure (% of GDP),SH.XPD.CHEX.GD.ZS,,,,,,,,,,,,,,,,,,,,,,,,,,,,,,,,,,,,,,,,,416.031.075,347.096.658,361.480.379,372.335.052,398.307.776,390.172.386,339.824.891,270.314.837,304.952.645,349.913.764,273.641.396,260.236.669,303.725.982,266.286.755,297.468.424,304.051.089,342.235.565,312.588.406,292.212.725,,
Kenya,KEN,Current health expenditure (% of GDP),SH.XPD.CHEX.GD.ZS,,,,,,,,,,,,,,,,,,,,,,,,,,,,,,,,,,,,,,,,,463.926.125,48.036.828,495.862.436,516.911.125,53.449.378,531.436.777,587.344.599,599.706.984,604.985.666,602.780.771,611.675.072,581.170.416,561.369.753,551.942.348,545.934.105,521.938.848,514.090.538,48.369.956,516.729.498,,
Kyrgyz Republic,KGZ,Current health expenditure (% of GDP),SH.XPD.CHEX.GD.ZS,,,,,,,,,,,,,,,,,,,,,,,,,,,,,,,,,,,,,,,,,441.414.976,427.703.285,459.219.551,582.382.107,620.281.315,745.010.662,83.118.391,693.210.649,65.251.193,689.873.457,695.027.208,710.729.122,850.966.358,818.745.136,735.766.459,714.930.916,641.248.226,618.586.302,653.458.309,,
Cambodia,KHM,Current health expenditure (% of GDP),SH.XPD.CHEX.GD.ZS,,,,,,,,,,,,,,,,,,,,,,,,,,,,,,,,,,,,,,,,,654.116.726,701.158.857,723.534.822,694.984.961,70.939.908,68.537.817,611.876.678,49.026.823,660.109.425,758.330.584,69.116.993,750.353.098,726.115.417,710.386.801,670.157.766,619.431.591,611.648.464,5.928.473,602.654.314,,
Kiribati,KIR,Current health expenditure (% of GDP),SH.XPD.CHEX.GD.ZS,,,,,,,,,,,,,,,,,,,,,,,,,,,,,,,,,,,,,,,,,864.500.046,1.232.934.475,119.012.785,1.066.935.253,1.242.028.809,1.150.768.661,1.157.650.661,1.135.285.187,1.407.539.082,1.343.940.926,920.724.678,858.405.113,859.842.396,946.005.249,993.768.883,798.818.541,932.036.781,1.077.510.738,1.211.170.006,,
St. Kitts and Nevis,KNA,Current health expenditure (% of GDP),SH.XPD.CHEX.GD.ZS,,,,,,,,,,,,,,,,,,,,,,,,,,,,,,,,,,,,,,,,,466.796.207,442.555.857,447.624.588,477.042.294,451.044.226,474.087.763,498.203.421,479.733.467,549.402.666,547.526.932,534.327.459,527.746.201,516.987.658,526.012.945,49.079.895,531.862.164,579.325.533,569.199.848,531.148.005,,
"Korea, Rep.",KOR,Current health expenditure (% of GDP),SH.XPD.CHEX.GD.ZS,,,,,,,,,,,,,,,,,,,,,,,,,,,,,,,,,,,,,,,,,389.759.398,44.276.228,416.491.032,44.238.739,438.896.513,461.782.169,494.396.782,511.490.726,539.896.727,578.228.998,591.734.409,600.844.383,613.262.033,624.789.429,647.438.097,665.271.664,691.432.714,710.694.933,756.259.203,,
Kuwait,KWT,Current health expenditure (% of GDP),SH.XPD.CHEX.GD.ZS,,,,,,,,,,,,,,,,,,,,,,,,,,,,,,,,,,,,,,,,,251.490.784,360.882.568,357.235.289,323.327.255,27.573.216,237.762.237,225.313.878,213.314.509,193.336.701,386.935.997,275.703.621,261.808.419,257.378.602,258.543.897,31.975.801,401.473.618,403.104.591,529.526.615,499.920.797,,
Latin America & Caribbean (excluding high income),LAC,Current health expenditure (% of GDP),SH.XPD.CHEX.GD.ZS,,,,,,,,,,,,,,,,,,,,,,,,,,,,,,,,,,,,,,,,,650.144.779.728.571,660.135.023.361.582,643.132.084.989.152,666.636.036.394.696,674.510.610.566.456,680.224.553.501.664,688.521.418.042.307,705.425.522.536.124,707.684.648.901.551,763.921.044.706.712,740.420.850.365.988,729.176.439.180.853,730.433.435.587.198,743.417.746.984.826,757.181.832.931.178,790.274.917.258.274,785.410.200.261.703,814.676.387.459.255,789.105.884.865.899,,
Lao PDR,LAO,Current health expenditure (% of GDP),SH.XPD.CHEX.GD.ZS,,,,,,,,,,,,,,,,,,,,,,,,,,,,,,,,,,,,,,,,,427.513.599,429.031.658,369.751.263,447.920.704,354.057.336,333.673.215,293.200.922,315.345.573,276.727.295,346.300.411,291.155.219,194.457.507,207.637.596,239.984.965,229.845.548,245.366.454,236.087.489,252.514.863,224.630.332,,
Lebanon,LBN,Current health expenditure (% of GDP),SH.XPD.CHEX.GD.ZS,,,,,,,,,,,,,,,,,,,,,,,,,,,,,,,,,,,,,,,,,1.083.669.186,1.056.954.956,92.884.903,867.684.746,800.453.377,755.121.279,865.032.196,854.391.384,778.850.412,699.202.442,74.433.217,81.471.138,793.143.368,757.978.058,784.629.583,767.934.227,798.103.571,844.765.568,835.297.012,,
Liberia,LBR,Current health expenditure (% of GDP),SH.XPD.CHEX.GD.ZS,,,,,,,,,,,,,,,,,,,,,,,,,,,,,,,,,,,,,,,,,407.415.962,328.853.774,278.770.471,317.808.437,787.571.001,896.836.472,747.355.461,938.743.019,744.848.108,950.294.399,887.670.994,922.752.571,859.213.543,818.830.681,906.281.471,1.037.773.991,979.585.648,815.604.591,673.955.679,,
Libya,LBY,Current health expenditure (% of GDP),SH.XPD.CHEX.GD.ZS,,,,,,,,,,,,,,,,,,,,,,,,,,,,,,,,,,,,,,,,,342.542.052,405.162.811,489.009.905,410.041.189,349.171.281,259.774.685,251.467.609,243.791.389,263.571.715,428.816.032,358.541.131,605.012.751,,,,,,,,,
St. Lucia,LCA,Current health expenditure (% of GDP),SH.XPD.CHEX.GD.ZS,,,,,,,,,,,,,,,,,,,,,,,,,,,,,,,,,,,,,,,,,543.346.453,571.999.931,601.848.078,585.375.929,53.244.772,54.291.873,57.279.315,575.801.229,564.452.124,573.588.514,534.843.826,560.638.475,557.630.587,577.193.546,484.179.592,460.818.338,498.633.957,47.146.244,439.812.708,,
Latin America & Caribbean,LCN,Current health expenditure (% of GDP),SH.XPD.CHEX.GD.ZS,,,,,,,,,,,,,,,,,,,,,,,,,,,,,,,,,,,,,,,,,657.940.306.702.633,670.631.356.059.966,653.031.865.075.331,672.376.219.550.523,674.212.749.496.978,673.897.811.734.812,689.734.806.782.598,703.898.556.653.301,699.990.199.625.066,760.413.405.776.148,732.882.498.682.718,725.930.245.936.691,723.587.563.807.617,732.289.715.732.457,744.032.833.031.227,791.620.228.145.649,789.493.440.905.874,819.965.276.935.019,796.622.043.532.372,,
Least developed countries: UN classification,LDC,Current health expenditure (% of GDP),SH.XPD.CHEX.GD.ZS,,,,,,,,,,,,,,,,,,,,,,,,,,,,,,,,,,,,,,,,,347.517.362.181.674,391.639.881.517.458,407.330.557.602.123,427.033.949.659.228,452.131.684.321.173,443.862.851.980.526,452.006.402.524.508,453.830.623.994.067,443.020.956.293.862,474.984.593.643.512,444.260.543.671.984,430.556.854.466.195,421.872.837.442.916,436.239.998.423.265,432.082.594.395.214,456.630.774.937.041,435.979.326.029.029,423.053.862.622.426,402.388.163.603.064,,
Low income,LIC,Current health expenditure (% of GDP),SH.XPD.CHEX.GD.ZS,,,,,,,,,,,,,,,,,,,,,,,,,,,,,,,,,,,,,,,,,405.764.559.698.828,459.500.495.988.472,485.421.631.582.429,525.114.344.609.892,543.510.421.111.435,540.152.981.785.694,553.081.363.912.689,568.475.495.437.893,582.061.513.034.397,63.555.042.274.917,5.987.081.329.472,571.108.981.541.866,552.079.932.453.646,576.818.859.193.364,573.484.126.417.774,601.562.330.119.152,590.179.525.417.423,583.808.887.279.162,522.603.286.834.998,,
Liechtenstein,LIE,Current health expenditure (% of GDP),SH.XPD.CHEX.GD.ZS,,,,,,,,,,,,,,,,,,,,,,,,,,,,,,,,,,,,,,,,,,,,,,,,,,,,,,,,,,,,,
Sri Lanka,LKA,Current health expenditure (% of GDP),SH.XPD.CHEX.GD.ZS,,,,,,,,,,,,,,,,,,,,,,,,,,,,,,,,,,,,,,,,,424.654.055,419.324.636,417.312.145,376.927.328,417.515.469,400.972.605,397.986.293,395.131.898,398.465.252,41.933.918,386.745.548,371.693.707,340.384.579,382.699.037,360.648.036,388.992.047,386.424.923,380.975.389,375.841.475,,
Lower middle income,LMC,Current health expenditure (% of GDP),SH.XPD.CHEX.GD.ZS,,,,,,,,,,,,,,,,,,,,,,,,,,,,,,,,,,,,,,,,,379.640.300.234.122,403.952.476.457.928,388.341.670.279.077,402.033.102.180.209,398.140.560.899.105,403.898.160.089.723,400.067.096.777.691,395.460.443.898.022,394.425.019.135.446,4.129.087.354.942,403.648.025.980.249,402.809.479.411.747,412.788.229.070.375,420.158.563.986.372,417.588.271.846.135,422.432.087.274.498,42.649.938.335.236,418.213.362.308.856,409.493.253.743.571,,
Low & middle income,LMY,Current health expenditure (% of GDP),SH.XPD.CHEX.GD.ZS,,,,,,,,,,,,,,,,,,,,,,,,,,,,,,,,,,,,,,,,,504.049.057.730.998,50.884.388.148.859,496.595.449.574.087,503.097.293.153.531,497.391.601.120.875,496.882.257.341.466,490.911.305.841.595,483.718.395.271.082,488.112.400.489.823,523.194.803.472.577,505.462.829.617.955,50.116.132.656.346,507.548.862.828.773,516.810.261.103.321,521.007.422.946.258,527.368.261.476.477,529.273.952.564.414,541.784.665.910.696,540.820.650.838.996,,
Lesotho,LSO,Current health expenditure (% of GDP),SH.XPD.CHEX.GD.ZS,,,,,,,,,,,,,,,,,,,,,,,,,,,,,,,,,,,,,,,,,585.720.491,637.439.108,595.861.387,562.080.336,563.196.611,506.624.413,569.018.555,676.945.686,724.728.012,837.519.169,761.773.348,879.661.846,857.818.985,901.221.848,865.392.971,849.196.434,801.058.197,894.750.309,928.354.836,,
Late-demographic dividend,LTE,Current health expenditure (% of GDP),SH.XPD.CHEX.GD.ZS,,,,,,,,,,,,,,,,,,,,,,,,,,,,,,,,,,,,,,,,,535.016.152.809.458,526.305.042.577.004,530.590.655.612.408,522.102.710.613.207,511.591.097.876.442,509.181.300.877.163,501.370.933.557.044,492.373.087.248.595,502.570.545.185.735,54.749.951.675.274,524.480.239.311.365,517.117.394.255.033,521.177.195.591.607,532.925.795.767.714,541.779.956.232.755,543.696.260.158.617,554.305.408.091.218,571.845.499.581.772,576.562.380.447.317,,
Lithuania,LTU,Current health expenditure (% of GDP),SH.XPD.CHEX.GD.ZS,,,,,,,,,,,,,,,,,,,,,,,,,,,,,,,,,,,,,,,,,61.917.491,600.597.954,613.646.746,617.941.618,550.604.343,564.197.302,583.789.873,575.847.721,628.756.523,735.553.408,683.376.026,65.051.465,629.071.617,613.548.851,619.952.059,649.459.124,663.686.323,647.619.867,656.775.236,,
Luxembourg,LUX,Current health expenditure (% of GDP),SH.XPD.CHEX.GD.ZS,,,,,,,,,,,,,,,,,,,,,,,,,,,,,,,,,,,,,,,,,590.136.147,6.410.923,673.847.198,697.271.538,734.548.569,718.256.855,670.838.261,623.472.404,653.840.208,733.979.321,703.158.236,611.205.053,558.377.266,552.774.715,543.687.868,528.378.248,519.496.346,525.779.152,528.587.103,,
Latvia,LVA,Current health expenditure (% of GDP),SH.XPD.CHEX.GD.ZS,,,,,,,,,,,,,,,,,,,,,,,,,,,,,,,,,,,,,,,,,545.028.639,578.918.362,577.924.252,549.818.659,623.694.801,586.492.682,57.398.572,554.140.186,561.553.001,613.475.847,613.846.397,556.752.443,541.030.407,539.593.935,54.568.367,568.592.453,620.632.744,600.696.659,618.923.044,,
"Macao SAR, China",MAC,Current health expenditure (% of GDP),SH.XPD.CHEX.GD.ZS,,,,,,,,,,,,,,,,,,,,,,,,,,,,,,,,,,,,,,,,,,,,,,,,,,,,,,,,,,,,,
St. Martin (French part),MAF,Current health expenditure (% of GDP),SH.XPD.CHEX.GD.ZS,,,,,,,,,,,,,,,,,,,,,,,,,,,,,,,,,,,,,,,,,,,,,,,,,,,,,,,,,,,,,
Morocco,MAR,Current health expenditure (% of GDP),SH.XPD.CHEX.GD.ZS,,,,,,,,,,,,,,,,,,,,,,,,,,,,,,,,,,,,,,,,,397.807.431,412.981.606,442.979.431,455.366.516,472.918.844,476.469.755,494.123.936,542.293.549,530.251.694,58.412.447,586.408.854,57.329.936,574.942.255,568.743.515,530.341.721,507.174.492,523.815.107,523.623.848,531.261.539,,
Monaco,MCO,Current health expenditure (% of GDP),SH.XPD.CHEX.GD.ZS,,,,,,,,,,,,,,,,,,,,,,,,,,,,,,,,,,,,,,,,,173.431.444,176.262.319,178.920.603,208.311.176,212.533.855,211.626.101,201.935.983,178.801.608,192.404.652,227.620.602,233.060.694,217.861.032,223.461.652,214.969.468,208.679.175,202.833.343,162.751.341,164.266.789,159.738.493,,
Moldova,MDA,Current health expenditure (% of GDP),SH.XPD.CHEX.GD.ZS,,,,,,,,,,,,,,,,,,,,,,,,,,,,,,,,,,,,,,,,,493.830.538,519.482.327,61.694.479,585.097.837,747.486.877,796.396.065,878.570.271,918.260.098,91.230.526,1.139.545.822,1.013.112.831,909.670.353,913.962.078,868.300.343,863.275.719,855.763.531,753.552.246,701.328.516,659.544.849,,
Madagascar,MDG,Current health expenditure (% of GDP),SH.XPD.CHEX.GD.ZS,,,,,,,,,,,,,,,,,,,,,,,,,,,,,,,,,,,,,,,,,523.104.906,557.643.795,576.798.916,551.154.327,613.453.531,600.515.699,588.660.622,520.624.304,471.599.674,501.293.182,532.034.874,518.553.019,44.098.258,422.997.093,508.265.734,572.116.804,60.193.038,55.050.993,478.956.461,,
Maldives,MDV,Current health expenditure (% of GDP),SH.XPD.CHEX.GD.ZS,,,,,,,,,,,,,,,,,,,,,,,,,,,,,,,,,,,,,,,,,773.655.844,821.364.975,878.440.094,677.857.542,748.356.962,882.753.468,804.819.012,830.568.123,1.147.104.168,100.928.812,848.759.079,792.251.587,867.304.802,813.609.314,790.784.121,86.903.019,1.019.969.177,902.997.589,941.152.477,,
Middle East & North Africa,MEA,Current health expenditure (% of GDP),SH.XPD.CHEX.GD.ZS,,,,,,,,,,,,,,,,,,,,,,,,,,,,,,,,,,,,,,,,,449.516.267.220.131,48.400.168.024.702,474.711.507.756.773,461.815.984.586.939,436.395.650.313.822,410.546.748.567.369,402.576.565.015.092,406.448.610.882.416,39.716.019.121.496,504.105.125.088.097,473.783.817.448.167,465.289.294.750.148,470.574.743.000.881,47.038.070.336.953,510.811.193.580.468,562.106.325.697.928,577.075.918.846.523,623.263.942.561.651,583.354.852.705.967,,
Mexico,MEX,Current health expenditure (% of GDP),SH.XPD.CHEX.GD.ZS,,,,,,,,,,,,,,,,,,,,,,,,,,,,,,,,,,,,,,,,,444.912.481,48.203.578,50.716.424,581.486.464,59.539.032,583.612.156,565.525.532,576.644.516,569.886.971,612.978.458,597.513.008,570.114.136,584.224.558,59.407.773,563.038.635,579.708.719,561.569.786,551.889.515,537.147.474,,
Marshall Islands,MHL,Current health expenditure (% of GDP),SH.XPD.CHEX.GD.ZS,,,,,,,,,,,,,,,,,,,,,,,,,,,,,,,,,,,,,,,,,1.952.712.822,1.699.476.814,1.488.930.321,1.454.764.271,172.536.068,2.146.204.185,2.133.277.702,1.732.696.533,1.673.014.832,1.588.239.861,1.507.835.674,1.456.823.158,1.431.251.717,1.461.910.725,1.472.001.648,1.735.825.539,1.764.945.793,1.640.007.591,1.755.299.377,,
Middle income,MIC,Current health expenditure (% of GDP),SH.XPD.CHEX.GD.ZS,,,,,,,,,,,,,,,,,,,,,,,,,,,,,,,,,,,,,,,,,505.901.940.048.389,509.702.173.271.777,496.807.667.310.031,50.268.964.669.316,496.559.613.223.863,496.115.642.003.461,489.824.475.156.819,482.258.642.491.078,486.744.242.639.044,521.446.459.442.248,504.122.677.111.499,50.025.926.224.077,506.988.664.576.891,516.045.249.930.059,520.295.660.442.317,526.304.139.155.114,528.524.620.521.701,541.291.469.901.892,541.031.337.818.156,,
North Macedonia,MKD,Current health expenditure (% of GDP),SH.XPD.CHEX.GD.ZS,,,,,,,,,,,,,,,,,,,,,,,,,,,,,,,,,,,,,,,,,886.991.501,83.815.918,897.826.958,900.857.735,846.505.356,767.907.524,738.314.629,657.065.344,655.317.593,652.846.384,671.369.648,651.887.369,661.468.363,67.192.831,628.993.368,634.227.896,637.943.363,65.939.827,658.288.956,,
Mali,MLI,Current health expenditure (% of GDP),SH.XPD.CHEX.GD.ZS,,,,,,,,,,,,,,,,,,,,,,,,,,,,,,,,,,,,,,,,,54.667.201,451.965.237,500.057.983,505.147.505,521.853.399,519.538.116,545.656.061,525.366.783,504.541.206,522.911.119,467.923.403,401.573.372,375.211.573,396.750.712,448.156.118,411.143.351,37.753.799,410.388.279,38.849.268,,
Malta,MLT,Current health expenditure (% of GDP),SH.XPD.CHEX.GD.ZS,,,,,,,,,,,,,,,,,,,,,,,,,,,,,,,,,,,,,,,,,659.914.446,703.746.319,771.259.499,794.301.176,811.969.376,868.079.185,883.756.351,821.537.113,796.253.681,808.001.804,821.274.376,856.064.224,8.608.181,88.266.449,934.200.478,920.896.149,911.781.311,919.666.958,896.454.525,,
Myanmar,MMR,Current health expenditure (% of GDP),SH.XPD.CHEX.GD.ZS,,,,,,,,,,,,,,,,,,,,,,,,,,,,,,,,,,,,,,,,,170.140.898,179.581.273,233.216,225.504.756,212.147.737,214.332.175,214.394.999,204.593.039,213.979.745,210.064.125,187.254.584,191.946.495,243.835.998,323.661.304,439.342.737,54.778.142,511.008.072,509.039.927,479.125.547,,
Middle East & North Africa (excluding high income),MNA,Current health expenditure (% of GDP),SH.XPD.CHEX.GD.ZS,,,,,,,,,,,,,,,,,,,,,,,,,,,,,,,,,,,,,,,,,477.164.369.027.398,512.492.995.944.812,508.633.863.613.234,49.835.653.720.029,484.308.954.223.707,462.333.963.610.043,455.554.624.990.288,45.983.795.515.283,471.224.231.043.214,562.283.248.976.521,54.903.665.800.355,554.765.198.430.044,562.517.412.518.536,533.409.537.861.063,567.645.949.614.324,614.001.933.111.248,655.195.602.436.164,676.019.578.119.651,627.074.458.626.929,,
Montenegro,MNE,Current health expenditure (% of GDP),SH.XPD.CHEX.GD.ZS,,,,,,,,,,,,,,,,,,,,,,,,,,,,,,,,,,,,,,,,,,,,,,,,,,,,,,,,,,,84.230.423,,
Mongolia,MNG,Current health expenditure (% of GDP),SH.XPD.CHEX.GD.ZS,,,,,,,,,,,,,,,,,,,,,,,,,,,,,,,,,,,,,,,,,487.263.823,431.723.738,443.462.038,351.071.429,357.047.367,37.552.557,374.971.509,407.522.774,455.693.007,445.980.072,373.945.689,358.612.084,385.493.326,406.732.321,419.000.292,423.834.133,442.355.728,400.506.115,378.789.377,,
Northern Mariana Islands,MNP,Current health expenditure (% of GDP),SH.XPD.CHEX.GD.ZS,,,,,,,,,,,,,,,,,,,,,,,,,,,,,,,,,,,,,,,,,,,,,,,,,,,,,,,,,,,,,
Mozambique,MOZ,Current health expenditure (% of GDP),SH.XPD.CHEX.GD.ZS,,,,,,,,,,,,,,,,,,,,,,,,,,,,,,,,,,,,,,,,,261.787.701,353.841.853,38.791.213,401.965.427,415.233.994,492.094.421,459.433.174,457.105.637,470.943.069,565.383.863,583.412.266,540.332.603,561.947.441,650.048.494,657.946.301,723.973.656,784.588.909,814.048.672,817.430.115,,
Mauritania,MRT,Current health expenditure (% of GDP),SH.XPD.CHEX.GD.ZS,,,,,,,,,,,,,,,,,,,,,,,,,,,,,,,,,,,,,,,,,465.043.879,481.714.439,537.182.045,529.233.122,478.011.036,457.625.818,348.422.456,372.460.938,389.292.169,400.519.896,3.421.592,323.916.149,340.726.185,367.313.361,425.439.119,470.125.389,421.777.868,450.495.195,458.039.093,,
Mauritius,MUS,Current health expenditure (% of GDP),SH.XPD.CHEX.GD.ZS,,,,,,,,,,,,,,,,,,,,,,,,,,,,,,,,,,,,,,,,,289.581.966,296.084.642,323.190.355,322.486.687,336.119.127,356.529.307,365.428.853,357.065.129,399.199.653,42.265.029,457.982.111,43.078.289,427.675.056,468.303.633,549.399.614,56.999.588,570.678.568,571.669.579,582.624.388,,
Malawi,MWI,Current health expenditure (% of GDP),SH.XPD.CHEX.GD.ZS,,,,,,,,,,,,,,,,,,,,,,,,,,,,,,,,,,,,,,,,,335.252.881,298.039.699,377.586.961,467.483.664,573.337.364,605.505.085,691.642.094,766.315.603,859.821.701,826.966.286,724.141.073,749.375.153,847.896.862,1.157.910.728,971.204.662,933.333.778,969.365.978,964.243.031,933.423.615,,
Malaysia,MYS,Current health expenditure (% of GDP),SH.XPD.CHEX.GD.ZS,,,,,,,,,,,,,,,,,,,,,,,,,,,,,,,,,,,,,,,,,252.807.355,268.892.479,268.479.466,293.745.017,287.255.526,280.124.164,312.453.246,308.224.082,302.357.388,327.629.399,318.466.234,333.996.487,348.790.693,352.240.086,372.527.027,381.608.534,368.835.807,371.246.052,37.562.995,,
North America,NAC,Current health expenditure (% of GDP),SH.XPD.CHEX.GD.ZS,,,,,,,,,,,,,,,,,,,,,,,,,,,,,,,,,,,,,,,,,122.531.359.612.827,129.212.778.291.677,13.674.566.000.033,141.244.141.111.386,141.824.200.198.068,141.482.065.459.098,142.351.722.190.324,144.130.483.748.356,147.432.232.836.108,1.579.944.581.461,157.940.803.305.587,15.683.214.053.707,156.912.279.125.761,156.286.395.693.561,158.314.305.327.987,16.236.799.322.556,165.914.866.049.896,165.200.185.989.744,164.154.072.445.522,,
Namibia,NAM,Current health expenditure (% of GDP),SH.XPD.CHEX.GD.ZS,,,,,,,,,,,,,,,,,,,,,,,,,,,,,,,,,,,,,,,,,979.146.862,967.593.479,989.039.803,100.339.632,1.034.174.252,1.034.465.313,1.027.619.934,1.079.394.531,992.570.686,904.721.642,972.611.046,982.976.627,926.402.569,866.987.896,817.065.144,970.993.042,885.608.196,828.922.272,795.077.181,,
New Caledonia,NCL,Current health expenditure (% of GDP),SH.XPD.CHEX.GD.ZS,,,,,,,,,,,,,,,,,,,,,,,,,,,,,,,,,,,,,,,,,,,,,,,,,,,,,,,,,,,,,
Niger,NER,Current health expenditure (% of GDP),SH.XPD.CHEX.GD.ZS,,,,,,,,,,,,,,,,,,,,,,,,,,,,,,,,,,,,,,,,,719.839.239,718.203.688,733.611.679,700.044.632,728.933.811,819.811.249,827.885.628,76.251.688,739.009.905,794.228.983,686.888.981,66.486.249,583.651.638,594.302.082,585.134.125,713.803.673,616.463.852,766.223.145,733.380.175,,
Nigeria,NGA,Current health expenditure (% of GDP),SH.XPD.CHEX.GD.ZS,,,,,,,,,,,,,,,,,,,,,,,,,,,,,,,,,,,,,,,,,31.973.834,318.946.886,249.063.969,505.360.985,463.368.416,446.591.949,425.775.146,390.997.219,369.581.532,358.019.733,329.653.287,332.077.932,335.984.278,34.206.934,334.840.417,358.195.019,364.773.679,375.553.846,388.990.784,,
Nicaragua,NIC,Current health expenditure (% of GDP),SH.XPD.CHEX.GD.ZS,,,,,,,,,,,,,,,,,,,,,,,,,,,,,,,,,,,,,,,,,523.883.677,548.459.768,573.315.907,608.317.614,605.740.356,622.468.948,635.756.493,695.643.044,716.700.697,768.584.394,771.019.173,744.982.004,748.836.899,76.386.919,797.716.141,796.303.225,804.877.567,831.693.268,856.453.705,,
Netherlands,NLD,Current health expenditure (% of GDP),SH.XPD.CHEX.GD.ZS,,,,,,,,,,,,,,,,,,,,,,,,,,,,,,,,,,,,,,,,,77.069.602,805.945.873,864.913.177,905.657.005,91.107.645,909.666.824,908.055.115,905.292.511,927.660.465,99.929.266,1.015.508.747,1.023.357.868,1.053.898.716,1.058.363.628,1.056.703.758,1.032.396.889,102.534.523,1.005.979.824,997.458.649,,
Norway,NOR,Current health expenditure (% of GDP),SH.XPD.CHEX.GD.ZS,,,,,,,,,,,,,,,,,,,,,,,,,,,,,,,,,,,,,,,,,771.215.487,802.202.415,900.061.893,921.471.977,882.115.746,832.839.584,791.272.211,805.085.373,796.075.296,907.431.507,890.553.188,878.868.103,877.787.876,892.953.396,934.493.351,1.013.146.877,1.059.129.524,1.031.589.031,100.493.927,,
Nepal,NPL,Current health expenditure (% of GDP),SH.XPD.CHEX.GD.ZS,,,,,,,,,,,,,,,,,,,,,,,,,,,,,,,,,,,,,,,,,357.357.407,434.851.074,449.261.379,439.844.322,461.542.797,450.666.952,40.425.086,418.959.427,435.452.127,445.059.633,497.475.052,50.784.235,51.700.902,532.473.755,576.784.754,621.927.214,627.839.279,548.825.455,584.083.414,,
Nauru,NRU,Current health expenditure (% of GDP),SH.XPD.CHEX.GD.ZS,,,,,,,,,,,,,,,,,,,,,,,,,,,,,,,,,,,,,,,,,1.812.375.069,1.550.226.784,1.319.443.321,953.113.556,657.316.828,1.030.554.295,1.241.761.398,242.627.964,229.958.477,1.203.172.684,1.315.978.146,1.016.901.398,923.208.618,923.582.458,1.009.228.325,151.927.681,1.408.638.191,1.158.332.348,95.781.002,,
New Zealand,NZL,Current health expenditure (% of GDP),SH.XPD.CHEX.GD.ZS,,,,,,,,,,,,,,,,,,,,,,,,,,,,,,,,,,,,,,,,,74.700.222,75.789.361,790.045.929,772.169.209,790.090.561,827.334.881,863.299.561,83.210.659,911.295.509,962.200.165,958.612.823,950.751.114,964.937.401,936.316.967,94.200.058,931.466.961,927.398.205,901.967.621,921.034.622,,
OECD members,OED,Current health expenditure (% of GDP),SH.XPD.CHEX.GD.ZS,,,,,,,,,,,,,,,,,,,,,,,,,,,,,,,,,,,,,,,,,939.682.382.507.989,988.802.566.711.661,103.057.299.800.815,105.098.254.511.933,104.799.258.080.715,105.181.227.624.617,105.741.323.363.447,105.614.912.075.493,107.754.815.052.036,117.121.503.377.256,116.252.405.744.139,116.687.478.793.524,118.050.663.236.097,118.167.196.405.697,119.502.798.797.833,1.232.716.641.961,125.139.247.682.012,124.680.595.368.703,124.508.048.901.855,,
Oman,OMN,Current health expenditure (% of GDP),SH.XPD.CHEX.GD.ZS,,,,,,,,,,,,,,,,,,,,,,,,,,,,,,,,,,,,,,,,,306.354.713,308.315.206,318.044.019,317.294.717,297.564.673,25.871.408,231.092.191,24.257.648,201.222.706,28.300.879,282.071.519,254.776.597,25.522.778,279.134.297,352.693.391,43.044.014,435.877.562,397.352.886,413.171.434,,
Other small states,OSS,Current health expenditure (% of GDP),SH.XPD.CHEX.GD.ZS,,,,,,,,,,,,,,,,,,,,,,,,,,,,,,,,,,,,,,,,,465.368.401.845.407,472.079.312.825.899,491.920.957.263.437,525.369.812.341.432,50.119.553.402.666,461.602.279.632.686,42.783.331.359.852,418.333.137.896.159,382.055.590.773.276,436.275.283.065.956,397.913.804.839.903,359.347.657.600.713,355.751.713.580.137,37.883.040.472.264,399.996.677.293.232,466.541.807.568.703,477.901.047.359.459,463.013.856.751.218,448.878.487.700.159,,
Pakistan,PAK,Current health expenditure (% of GDP),SH.XPD.CHEX.GD.ZS,,,,,,,,,,,,,,,,,,,,,,,,,,,,,,,,,,,,,,,,,288.552.141,270.667.195,282.704.639,243.137.884,234.722.686,270.793.581,300.717.139,313.823.009,292.312.145,261.331.248,25.967.586,234.442.639,235.939.932,260.280.204,272.200.847,268.711.925,285.510.206,290.229.368,320.193.386,,
Panama,PAN,Current health expenditure (% of GDP),SH.XPD.CHEX.GD.ZS,,,,,,,,,,,,,,,,,,,,,,,,,,,,,,,,,,,,,,,,,69.129.467,68.341.074,696.316.957,661.838.865,699.114.799,609.434.938,645.193.529,692.857.409,684.644.938,699.648.428,708.509.684,659.314.489,656.412.029,665.125.561,692.144.489,68.090.291,731.549.644,689.914.465,726.584.625,,
Peru,PER,Current health expenditure (% of GDP),SH.XPD.CHEX.GD.ZS,,,,,,,,,,,,,,,,,,,,,,,,,,,,,,,,,,,,,,,,,46.005.969,501.690.674,521.535.921,51.522.069,48.343.029,458.631.945,453.801.537,440.380.144,44.459.281,495.060.587,47.206.192,46.209.321,475.655.174,470.197.392,499.472.809,503.110.838,506.576.538,499.378.443,523.800.182,,
Philippines,PHL,Current health expenditure (% of GDP),SH.XPD.CHEX.GD.ZS,,,,,,,,,,,,,,,,,,,,,,,,,,,,,,,,,,,,,,,,,315.481.424,294.705.772,27.333.045,319.143.724,316.792.512,390.041.852,394.585.061,391.954.136,402.792.263,435.353.184,431.276.274,420.609.283,437.465.286,44.638.114,412.741.232,432.136.869,440.684.605,44.460.597,440.060.663,,
Palau,PLW,Current health expenditure (% of GDP),SH.XPD.CHEX.GD.ZS,,,,,,,,,,,,,,,,,,,,,,,,,,,,,,,,,,,,,,,,,887.392.807,78.959.136,801.948.452,902.106.476,997.902.298,939.352.322,966.567.612,985.682.011,944.878.292,1.036.237.717,1.160.861.206,1.081.779.194,1.163.778.973,1.212.248.993,1.217.145.729,1.139.383.602,1.200.261.879,1.212.845.135,1.086.687.088,,
Papua New Guinea,PNG,Current health expenditure (% of GDP),SH.XPD.CHEX.GD.ZS,,,,,,,,,,,,,,,,,,,,,,,,,,,,,,,,,,,,,,,,,197.246.671,224.807.811,264.306.617,239.713.621,25.798.316,24.435.885,242.600.322,242.102.098,213.526.058,232.937.527,210.756.016,229.397.798,266.693.544,299.727.893,327.119.088,181.881.714,233.063.054,227.085.471,236.706.114,,
Poland,POL,Current health expenditure (% of GDP),SH.XPD.CHEX.GD.ZS,,,,,,,,,,,,,,,,,,,,,,,,,,,,,,,,,,,,,,,,,529.816.675,56.786.437,607.919.645,596.231.365,58.686.347,580.728.388,58.007.226,587.294.197,637.348.223,658.686.304,64.190.917,623.382.092,620.108.318,63.754.797,635.254.002,639.785.814,654.295.063,656.172.848,633.085.012,,
Pre-demographic dividend,PRE,Current health expenditure (% of GDP),SH.XPD.CHEX.GD.ZS,,,,,,,,,,,,,,,,,,,,,,,,,,,,,,,,,,,,,,,,,368.982.799.777.432,402.125.502.429.543,380.520.501.944.503,473.430.381.258.185,479.759.657.177.157,452.100.737.825.169,443.280.901.016.213,437.866.485.513.765,417.898.148.204.929,451.701.634.132.853,408.023.260.989.516,387.831.839.600.948,375.213.347.455.154,390.611.261.285.654,384.952.085.488.405,420.033.052.330.664,424.906.620.108.912,436.245.728.207.572,425.680.123.504.909,,
Puerto Rico,PRI,Current health expenditure (% of GDP),SH.XPD.CHEX.GD.ZS,,,,,,,,,,,,,,,,,,,,,,,,,,,,,,,,,,,,,,,,,,,,,,,,,,,,,,,,,,,,,
"Korea, Dem. People's Rep.",PRK,Current health expenditure (% of GDP),SH.XPD.CHEX.GD.ZS,,,,,,,,,,,,,,,,,,,,,,,,,,,,,,,,,,,,,,,,,,,,,,,,,,,,,,,,,,,,,
Portugal,PRT,Current health expenditure (% of GDP),SH.XPD.CHEX.GD.ZS,,,,,,,,,,,,,,,,,,,,,,,,,,,,,,,,,,,,,,,,,837.818.336,840.724.277,856.267.643,890.702.629,93.029.995,943.935.204,91.355.257,906.500.053,934.049.129,988.073.826,983.691.692,953.497.028,935.394.287,907.765.675,902.365.017,897.663.212,941.901.684,933.004.951,940.783.501,,
Paraguay,PRY,Current health expenditure (% of GDP),SH.XPD.CHEX.GD.ZS,,,,,,,,,,,,,,,,,,,,,,,,,,,,,,,,,,,,,,,,,550.297.928,504.289.389,419.174.957,42.982.316,423.106.956,408.303.881,423.303.318,417.510.653,416.150.522,446.541.548,462.510.777,505.373.764,654.307.508,60.722.599,664.632.988,674.699.259,672.532.558,665.456.867,665.451.145,,
West Bank and Gaza,PSE,Current health expenditure (% of GDP),SH.XPD.CHEX.GD.ZS,,,,,,,,,,,,,,,,,,,,,,,,,,,,,,,,,,,,,,,,,,,,,,,,,,,,,,,,,,,,,
Pacific island small states,PSS,Current health expenditure (% of GDP),SH.XPD.CHEX.GD.ZS,,,,,,,,,,,,,,,,,,,,,,,,,,,,,,,,,,,,,,,,,494.911.874.846.168,493.756.085.672.902,521.767.468.592.773,476.829.198.933.903,517.809.757.471.121,562.720.081.345.145,538.307.418.876.674,516.666.956.739.795,494.311.855.072.633,5.575.035.246.683,581.438.441.052.182,502.271.648.927.556,496.476.977.776.556,502.322.699.317.797,504.009.159.389.234,504.294.282.850.783,497.019.410.293.006,47.905.304.015.336,492.033.319.720.912,,
Post-demographic dividend,PST,Current health expenditure (% of GDP),SH.XPD.CHEX.GD.ZS,,,,,,,,,,,,,,,,,,,,,,,,,,,,,,,,,,,,,,,,,962.706.396.187.094,101.260.516.985.262,10.555.380.032.682,107.376.325.608.475,107.102.746.951.475,10.779.466.098.118,108.537.139.405.418,108.489.465.165.147,1.107.281.091.723,120.079.341.486.117,119.662.279.890.623,120.390.924.163.303,121.908.690.295.251,122.236.373.436.322,123.843.217.472.237,127.849.010.222.393,129.593.037.495.946,129.139.743.636.857,12.884.163.200.403,,
French Polynesia,PYF,Current health expenditure (% of GDP),SH.XPD.CHEX.GD.ZS,,,,,,,,,,,,,,,,,,,,,,,,,,,,,,,,,,,,,,,,,,,,,,,,,,,,,,,,,,,,,
Qatar,QAT,Current health expenditure (% of GDP),SH.XPD.CHEX.GD.ZS,,,,,,,,,,,,,,,,,,,,,,,,,,,,,,,,,,,,,,,,,200.865.221,231.433.153,245.663.571,352.963.948,30.744.617,256.908.822,220.338.106,19.733.299,160.012.186,214.952.278,178.923.905,159.996.212,174.822.152,207.620.168,243.456.411,317.197.657,318.802.047,272.160.077,249.480.486,,
Romania,ROU,Current health expenditure (% of GDP),SH.XPD.CHEX.GD.ZS,,,,,,,,,,,,,,,,,,,,,,,,,,,,,,,,,,,,,,,,,420.876.122,437.598.133,457.694.626,537.136.745,547.733.545,552.778.149,507.106.066,502.223.349,502.274.227,527.841.282,576.906.252,469.901.562,47.180.357,519.262.123,503.005.028,494.264.841,499.377.203,51.508.317,555.660.582,,
Russian Federation,RUS,Current health expenditure (% of GDP),SH.XPD.CHEX.GD.ZS,,,,,,,,,,,,,,,,,,,,,,,,,,,,,,,,,,,,,,,,,501.481.104,523.752.975,551.606.607,515.845.108,4.755.548,476.693.487,476.170.969,474.311.066,489.866.781,563.820.267,49.660.778,479.005.241,494.080.353,507.980.919,518.022.871,529.560.423,526.521.969,534.388.065,531.590.033,,
Rwanda,RWA,Current health expenditure (% of GDP),SH.XPD.CHEX.GD.ZS,,,,,,,,,,,,,,,,,,,,,,,,,,,,,,,,,,,,,,,,,426.349.449,389.250.112,366.946.197,802.439.117,854.291.725,877.702.618,782.786.894,823.888.397,794.808.626,812.521.267,846.126.652,821.763.229,835.697.842,697.064.686,717.037.678,686.232.901,714.331.341,693.017.101,754.268.694,,
South Asia,SAS,Current health expenditure (% of GDP),SH.XPD.CHEX.GD.ZS,,,,,,,,,,,,,,,,,,,,,,,,,,,,,,,,,,,,,,,,,371.669.897.056.981,388.358.822.975.127,394.282.572.386.308,371.659.402.645.526,369.299.437.032,3.619.945.144.873,354.219.171.352.802,348.099.537.248.228,345.440.703.013.298,341.345.260.186.136,324.771.000.921.487,320.142.335.168.495,32.570.522.702.299,362.522.476.056.939,353.090.056.430.003,351.104.934.544.981,344.679.692.465.847,346.161.425.193.277,348.467.393.830.339,,
Saudi Arabia,SAU,Current health expenditure (% of GDP),SH.XPD.CHEX.GD.ZS,,,,,,,,,,,,,,,,,,,,,,,,,,,,,,,,,,,,,,,,,42.115.941,446.173.573,42.493.763,397.909.737,358.400.607,341.867.018,36.192.224,356.229.401,297.100.711,429.042.768,364.786.124,371.178.317,401.962.948,446.568.823,522.794.724,599.834.013,583.562.613,700.368.643,63.615.365,,
Sudan,SDN,Current health expenditure (% of GDP),SH.XPD.CHEX.GD.ZS,,,,,,,,,,,,,,,,,,,,,,,,,,,,,,,,,,,,,,,,,360.664.463,336.456.847,330.010.867,389.187.932,415.593.481,409.418.106,488.544.321,566.269.207,542.313.623,639.496.279,505.810.213,561.579.561,568.827.009,696.487.522,567.619.705,718.615.294,640.399.361,630.497.503,451.304.483,,
Senegal,SEN,Current health expenditure (% of GDP),SH.XPD.CHEX.GD.ZS,,,,,,,,,,,,,,,,,,,,,,,,,,,,,,,,,,,,,,,,,356.931.567,387.414.145,408.059.502,43.290.267,451.964.331,366.860.914,371.245.098,334.080.577,347.299.719,380.207.229,400.045.347,419.347.048,422.773.457,437.490.368,439.605.856,438.257.313,426.078.272,406.742.668,397.799.659,,
Singapore,SGP,Current health expenditure (% of GDP),SH.XPD.CHEX.GD.ZS,,,,,,,,,,,,,,,,,,,,,,,,,,,,,,,,,,,,,,,,,334.336.376,316.302.657,3.358.464,360.699.248,315.019.822,303.367.925,29.347.465,283.749.056,319.488.454,339.853.096,320.265.365,315.792.179,332.783.675,368.562.651,387.155.676,418.069.839,440.151.834,44.177.866,446.444.654,,
Solomon Islands,SLB,Current health expenditure (% of GDP),SH.XPD.CHEX.GD.ZS,,,,,,,,,,,,,,,,,,,,,,,,,,,,,,,,,,,,,,,,,528.381.252,707.210.302,1.078.039.742,790.572.548,841.857.719,997.739.887,911.269.093,857.335.758,648.675.108,860.721.588,1.033.428.192,670.616.865,555.342.913,537.866.831,572.712.326,519.329.929,499.768.019,474.138.927,447.443.104,,
Sierra Leone,SLE,Current health expenditure (% of GDP),SH.XPD.CHEX.GD.ZS,,,,,,,,,,,,,,,,,,,,,,,,,,,,,,,,,,,,,,,,,1.151.732.349,109.725.275,1.142.101.955,1.082.904.911,1.096.054.268,1.103.773.403,1.039.399.529,1.003.516.102,987.387.657,110.984.726,1.094.337.559,1.328.133.965,1.059.042.263,1.156.771.851,1.972.741.699,2.041.341.209,1.652.595.901,166.201.725,1.606.307.983,,
El Salvador,SLV,Current health expenditure (% of GDP),SH.XPD.CHEX.GD.ZS,,,,,,,,,,,,,,,,,,,,,,,,,,,,,,,,,,,,,,,,,892.467.785,882.467.365,877.833.939,84.062.252,849.746.799,843.694.401,792.342.138,763.829.565,766.487.646,839.771.748,823.629.189,814.439.964,753.931.999,771.839.237,768.152.761,763.034.058,77.171.073,722.756.004,710.940.361,,
San Marino,SMR,Current health expenditure (% of GDP),SH.XPD.CHEX.GD.ZS,,,,,,,,,,,,,,,,,,,,,,,,,,,,,,,,,,,,,,,,,586.393.833,570.188.189,551.470.137,487.550.592,490.734.005,493.229.675,499.470.377,513.984.585,544.675.636,628.378.391,662.572.241,741.631.603,797.268.248,774.346.495,754.904.318,727.498.674,674.832.106,724.210.215,714.421.701,,
Somalia,SOM,Current health expenditure (% of GDP),SH.XPD.CHEX.GD.ZS,,,,,,,,,,,,,,,,,,,,,,,,,,,,,,,,,,,,,,,,,,,,,,,,,,,,,,,,,,,,,
Serbia,SRB,Current health expenditure (% of GDP),SH.XPD.CHEX.GD.ZS,,,,,,,,,,,,,,,,,,,,,,,,,,,,,,,,,,,,,,,,,650.382.948,686.536.217,806.561.947,813.506.126,824.590.302,828.380.585,849.389.839,937.649.155,948.246.384,934.623.241,95.273.037,911.380.005,932.820.988,931.232.452,924.598.789,881.929.588,847.186.947,823.131.752,853.899.002,,
Sub-Saharan Africa (excluding high income),SSA,Current health expenditure (% of GDP),SH.XPD.CHEX.GD.ZS,,,,,,,,,,,,,,,,,,,,,,,,,,,,,,,,,,,,,,,,,509.887.783.472.357,522.588.574.254.819,471.701.721.861.302,556.555.326.218.747,557.194.425.447.971,538.196.433.432.221,523.719.896.393.121,510.521.524.782.919,489.367.868.035.605,529.841.901.357.292,522.737.531.139.848,510.846.574.091.127,499.329.235.054.956,496.269.937.749.051,485.914.934.968.849,5.128.339.187.156,509.358.177.339.152,512.421.434.711.837,509.401.843.755.678,,
South Sudan,SSD,Current health expenditure (% of GDP),SH.XPD.CHEX.GD.ZS,,,,,,,,,,,,,,,,,,,,,,,,,,,,,,,,,,,,,,,,,,,,,,,,,,,,,,,,,,837.437.344,640.037.966,,
Sub-Saharan Africa,SSF,Current health expenditure (% of GDP),SH.XPD.CHEX.GD.ZS,,,,,,,,,,,,,,,,,,,,,,,,,,,,,,,,,,,,,,,,,509.810.570.784.398,522.616.894.302.549,471.674.635.228.945,556.526.630.356.055,557.144.774.874.079,538.147.224.658.429,523.656.666.166.434,510.420.977.660.955,489.295.012.549.085,529.736.669.137.275,522.709.198.850.749,510.825.142.786.471,499.377.676.354.319,49.623.469.758.692,485.905.786.555.782,512.788.413.328.569,509.366.139.314.444,512.408.797.537.837,509.403.364.625.313,,
Small states,SST,Current health expenditure (% of GDP),SH.XPD.CHEX.GD.ZS,,,,,,,,,,,,,,,,,,,,,,,,,,,,,,,,,,,,,,,,,468.160.704.896.143,468.151.783.817.837,486.218.979.801.366,506.138.052.050.719,495.490.185.480.231,464.821.135.263.748,436.596.788.169.097,432.040.520.966.305,399.686.091.967.316,457.519.328.525.497,423.460.091.757.779,385.189.243.416.236,381.922.849.600.579,402.705.329.516.214,42.128.875.501.239,484.754.957.102.635,499.233.251.396.653,490.253.586.107.511,47.661.836.953.406,,
Sao Tome and Principe,STP,Current health expenditure (% of GDP),SH.XPD.CHEX.GD.ZS,,,,,,,,,,,,,,,,,,,,,,,,,,,,,,,,,,,,,,,,,1.051.173.401,1.083.265.495,1.066.430.473,1.262.009.716,1.187.253.094,115.197.401,82.809.639,816.975.498,711.202.765,719.514.179,684.464.884,675.577.021,647.629.499,793.743.801,673.101.854,534.009.647,643.088.818,646.091.604,626.645.994,,
Suriname,SUR,Current health expenditure (% of GDP),SH.XPD.CHEX.GD.ZS,,,,,,,,,,,,,,,,,,,,,,,,,,,,,,,,,,,,,,,,,628.476.238,409.541.416,570.779.514,523.449.087,584.803.867,561.497.545,627.044.153,559.070.206,508.278.036,533.047.295,503.042.459,472.143.984,458.755.207,480.475.569,484.127.617,621.926.689,627.941.179,622.976.971,796.947.193,,
Slovak Republic,SVK,Current health expenditure (% of GDP),SH.XPD.CHEX.GD.ZS,,,,,,,,,,,,,,,,,,,,,,,,,,,,,,,,,,,,,,,,,530.256.939,53.315.053,550.947.618,544.849.873,637.190.485,658.870.029,685.076.714,717.735.386,69.563.446,794.779.444,774.204.493,735.716.248,755.277.967,750.908.709,689.302.301,679.333.973,711.145.544,676.883.841,668.639.565,,
Slovenia,SVN,Current health expenditure (% of GDP),SH.XPD.CHEX.GD.ZS,,,,,,,,,,,,,,,,,,,,,,,,,,,,,,,,,,,,,,,,,780.406.952,787.602.425,802.119.923,809.883.595,793.957.281,799.595.737,782.322.741,751.139.164,785.466.576,8.540.802,856.503.296,853.639.603,871.509.933,874.028.301,850.197.506,849.823.952,847.909.927,818.941.784,829.891.014,,
Sweden,SWE,Current health expenditure (% of GDP),SH.XPD.CHEX.GD.ZS,,,,,,,,,,,,,,,,,,,,,,,,,,,,,,,,,,,,,,,,,732.689.953,789.881.182,820.682.907,831.443.501,812.580.395,814.698.315,804.736.423,799.017.382,820.660.114,877.319.241,832.738.972,1.042.150.974,1.073.550.034,1.090.368.462,1.094.807.339,1.079.714.203,1.084.046.745,1.078.592.205,108.985.014,,
Eswatini,SWZ,Current health expenditure (% of GDP),SH.XPD.CHEX.GD.ZS,,,,,,,,,,,,,,,,,,,,,,,,,,,,,,,,,,,,,,,,,460.951.757,513.895.321,55.229.826,637.864.399,681.432.486,737.623.358,782.560.015,793.004.131,885.792.923,863.292.217,859.125.805,846.997.261,782.028.151,745.686.579,725.702.429,703.397.036,677.650.404,691.085.625,654.034.519,,
Sint Maarten (Dutch part),SXM,Current health expenditure (% of GDP),SH.XPD.CHEX.GD.ZS,,,,,,,,,,,,,,,,,,,,,,,,,,,,,,,,,,,,,,,,,,,,,,,,,,,,,,,,,,,,,
Seychelles,SYC,Current health expenditure (% of GDP),SH.XPD.CHEX.GD.ZS,,,,,,,,,,,,,,,,,,,,,,,,,,,,,,,,,,,,,,,,,461.071.825,539.469.767,455.957.556,535.819.769,519.606.733,49.772.644,467.818.308,408.972.359,399.024.963,388.408.613,482.773.542,479.911.327,573.107.624,450.803.661,473.750.544,458.823.824,51.787.982,498.940.706,511.036.491,,
Syrian Arab Republic,SYR,Current health expenditure (% of GDP),SH.XPD.CHEX.GD.ZS,,,,,,,,,,,,,,,,,,,,,,,,,,,,,,,,,,,,,,,,,434.962.416,449.366.331,452.328.491,511.782.169,447.935.343,410.969.782,377.771.473,372.242.856,339.762.759,35.464.704,32.764.473,332.856.846,35.656.538,,,,,,,,
Turks and Caicos Islands,TCA,Current health expenditure (% of GDP),SH.XPD.CHEX.GD.ZS,,,,,,,,,,,,,,,,,,,,,,,,,,,,,,,,,,,,,,,,,,,,,,,,,,,,,,,,,,,,,
Chad,TCD,Current health expenditure (% of GDP),SH.XPD.CHEX.GD.ZS,,,,,,,,,,,,,,,,,,,,,,,,,,,,,,,,,,,,,,,,,545.750.713,52.932.992,726.787.472,55.094.099,550.012.684,484.111.166,486.643.076,434.313.393,405.955.124,444.166.899,406.023.359,391.046.357,385.607.934,406.645.298,427.316.856,452.395.248,490.541.553,440.445.328,409.880.257,,
East Asia & Pacific (IDA & IBRD countries),TEA,Current health expenditure (% of GDP),SH.XPD.CHEX.GD.ZS,,,,,,,,,,,,,,,,,,,,,,,,,,,,,,,,,,,,,,,,,395.878.654.193.067,385.780.541.867.804,391.184.080.247.758,397.874.035.006.034,388.749.328.473.753,388.312.427.377.281,373.585.724.686.164,356.853.161.532.215,373.420.550.167.636,412.672.717.595.962,403.241.820.470.135,414.122.347.289.706,434.584.548.424.479,450.490.670.547.648,458.920.185.486.297,469.844.813.076.304,477.680.566.757.736,491.123.317.162.832,5.090.514.313.172,,
Europe & Central Asia (IDA & IBRD countries),TEC,Current health expenditure (% of GDP),SH.XPD.CHEX.GD.ZS,,,,,,,,,,,,,,,,,,,,,,,,,,,,,,,,,,,,,,,,,503.903.149.428.901,533.386.932.330.168,556.949.623.962.946,548.657.785.737.527,527.814.158.890.868,524.883.742.733.743,522.236.554.427.718,518.770.644.742.127,529.741.012.281.056,579.276.120.560.696,535.815.431.859.021,50.649.650.303.957,511.765.859.855.706,516.496.020.004.496,520.963.750.883.041,523.464.971.946.127,532.551.892.694.809,534.262.497.571.204,537.098.671.899.899,,
Togo,TGO,Current health expenditure (% of GDP),SH.XPD.CHEX.GD.ZS,,,,,,,,,,,,,,,,,,,,,,,,,,,,,,,,,,,,,,,,,330.968.809,342.276.573,344.982.672,350.267.553,369.210.696,396.861.029,415.860.939,44.334.507,443.673.515,495.799.303,590.041.494,599.588.251,61.408.205,629.625.988,635.890.293,624.938.154,660.094.786,602.144.766,616.532.087,,
Thailand,THA,Current health expenditure (% of GDP),SH.XPD.CHEX.GD.ZS,,,,,,,,,,,,,,,,,,,,,,,,,,,,,,,,,,,,,,,,,310.125.184,302.623.034,333.472.419,324.312.663,313.893.557,315.972.185,309.970.689,319.277.501,345.933.962,36.193.974,339.009.976,356.825.638,352.293.992,345.313.358,368.448.043,366.789.317,376.332.021,383.202.839,379.303.908,,
Tajikistan,TJK,Current health expenditure (% of GDP),SH.XPD.CHEX.GD.ZS,,,,,,,,,,,,,,,,,,,,,,,,,,,,,,,,,,,,,,,,,426.492.453,457.802.582,443.647.242,470.218.658,479.911.184,521.024.704,503.254.795,554.050.112,591.206.694,585.579.777,573.543.406,585.971.832,598.185.873,653.226.376,66.654.973,69.073.596,700.427.723,72.288.146,72.394.805,,
Turkmenistan,TKM,Current health expenditure (% of GDP),SH.XPD.CHEX.GD.ZS,,,,,,,,,,,,,,,,,,,,,,,,,,,,,,,,,,,,,,,,,689.164.257,814.875.412,70.219.698,851.216.888,1.057.751.369,955.530.357,841.321.373,528.883.219,590.518.856,481.248.379,49.963.603,489.650.869,477.595.139,515.063.286,549.777.317,629.793.644,662.111.807,693.379.545,660.540.628,,
Latin America & the Caribbean (IDA & IBRD countries),TLA,Current health expenditure (% of GDP),SH.XPD.CHEX.GD.ZS,,,,,,,,,,,,,,,,,,,,,,,,,,,,,,,,,,,,,,,,,659.141.172.574.254,671.481.298.497.616,653.381.155.327.977,672.922.589.724.189,675.067.223.692.414,671.702.736.844.852,688.326.857.227.991,698.634.618.112.544,69.460.520.684.822,754.010.127.493.501,729.148.088.461.176,721.537.970.503.686,721.351.514.753.927,728.639.332.229.592,738.276.493.767.793,783.652.003.104.774,781.902.981.738.557,814.036.437.754.161,79.097.672.385.982,,
Timor-Leste,TLS,Current health expenditure (% of GDP),SH.XPD.CHEX.GD.ZS,,,,,,,,,,,,,,,,,,,,,,,,,,,,,,,,,,,,,,,,,,,,256.448.698,174.315.083,134.485.495,102.515.864,106.450.105,102.795.136,166.058.576,14.271.214,126.124.156,121.793.711,211.266.398,272.246.408,395.390.606,454.700.947,433.655.405,432.635.784,,
Middle East & North Africa (IDA & IBRD countries),TMN,Current health expenditure (% of GDP),SH.XPD.CHEX.GD.ZS,,,,,,,,,,,,,,,,,,,,,,,,,,,,,,,,,,,,,,,,,477.164.369.027.398,512.492.995.944.812,508.633.863.613.234,49.835.653.720.029,484.308.954.223.707,462.333.963.610.043,455.554.624.990.288,45.983.795.515.283,471.224.231.043.214,562.283.248.976.521,54.903.665.800.355,554.765.198.430.044,562.517.412.518.536,533.409.537.861.063,567.645.949.614.324,614.001.933.111.248,655.195.602.436.163,676.019.578.119.651,627.074.458.626.929,,
Tonga,TON,Current health expenditure (% of GDP),SH.XPD.CHEX.GD.ZS,,,,,,,,,,,,,,,,,,,,,,,,,,,,,,,,,,,,,,,,,2.926.934,333.561.158,353.002.739,347.720.265,447.306.395,416.234.112,550.721.884,459.965.992,613.215.828,388.174.963,474.096.012,386.217.117,50.648.427,4.170.681,513.259.459,457.615.185,506.450.272,505.521.584,509.657.621,,
South Asia (IDA & IBRD),TSA,Current health expenditure (% of GDP),SH.XPD.CHEX.GD.ZS,,,,,,,,,,,,,,,,,,,,,,,,,,,,,,,,,,,,,,,,,371.669.897.056.981,388.358.822.975.127,394.282.572.386.308,371.659.402.645.526,369.299.437.032,3.619.945.144.873,354.219.171.352.802,348.099.537.248.228,345.440.703.013.298,341.345.260.186.136,324.771.000.921.487,320.142.335.168.495,32.570.522.702.299,362.522.476.056.939,353.090.056.430.003,351.104.934.544.981,344.679.692.465.847,346.161.425.193.277,348.467.393.830.339,,
Sub-Saharan Africa (IDA & IBRD countries),TSS,Current health expenditure (% of GDP),SH.XPD.CHEX.GD.ZS,,,,,,,,,,,,,,,,,,,,,,,,,,,,,,,,,,,,,,,,,509.810.570.784.398,522.616.894.302.549,471.674.635.228.945,556.526.630.356.055,557.144.774.874.079,538.147.224.658.429,523.656.666.166.434,510.420.977.660.954,489.295.012.549.085,529.736.669.137.274,522.709.198.850.749,510.825.142.786.471,499.377.676.354.319,49.623.469.758.692,485.905.786.555.782,512.788.413.328.569,509.366.139.314.444,512.408.797.537.837,509.403.364.625.313,,
Trinidad and Tobago,TTO,Current health expenditure (% of GDP),SH.XPD.CHEX.GD.ZS,,,,,,,,,,,,,,,,,,,,,,,,,,,,,,,,,,,,,,,,,423.492.432,40.346.489,472.302.485,418.767.166,430.805.206,443.451.166,415.432.024,41.536.026,365.757.036,548.676.443,508.042.908,472.197.914,48.760.519,505.915.737,522.789.097,603.951.168,700.930.595,702.028.561,693.182.945,,
Tunisia,TUN,Current health expenditure (% of GDP),SH.XPD.CHEX.GD.ZS,,,,,,,,,,,,,,,,,,,,,,,,,,,,,,,,,,,,,,,,,504.834.366,509.929.466,537.092.733,546.378.517,545.323.801,53.973.608,538.218.164,542.856.932,541.714.668,567.045.975,588.395.596,643.202.877,66.064.229,685.662.031,680.739.641,700.741.243,699.717.045,725.768.566,729.209.566,,
Turkey,TUR,Current health expenditure (% of GDP),SH.XPD.CHEX.GD.ZS,,,,,,,,,,,,,,,,,,,,,,,,,,,,,,,,,,,,,,,,,459.957.218,488.784.933,506.227.875,501.427.698,490.964.413,489.389.706,514.591.694,523.760.796,521.761.799,549.438.715,502.053.452,46.530.509,444.444.656,437.099.981,432.517.862,411.690.378,428.469.229,417.974.997,412.414.074,,
Tuvalu,TUV,Current health expenditure (% of GDP),SH.XPD.CHEX.GD.ZS,,,,,,,,,,,,,,,,,,,,,,,,,,,,,,,,,,,,,,,,,2.424.389.076,1.918.874.931,1.328.484.821,1.541.858.196,1.056.772.137,1.135.907.459,1.337.901.974,112.719.593,1.074.156.666,143.572.998,1.640.094.757,1.539.393.616,1.532.846.642,1.812.769.699,1.686.151.695,1.669.959.259,1.688.424.873,1.772.825.432,1.904.735.947,,
Tanzania,TZA,Current health expenditure (% of GDP),SH.XPD.CHEX.GD.ZS,,,,,,,,,,,,,,,,,,,,,,,,,,,,,,,,,,,,,,,,,341.529.965,423.551.702,468.907.642,534.231.472,57.373.414,632.282.591,759.827.948,688.427.973,555.704.737,506.306.362,522.392.225,50.559.845,501.779.366,464.643.383,401.492.023,364.969.921,396.350.336,363.913.774,362.868.047,,
Uganda,UGA,Current health expenditure (% of GDP),SH.XPD.CHEX.GD.ZS,,,,,,,,,,,,,,,,,,,,,,,,,,,,,,,,,,,,,,,,,756.050.587,834.374.809,875.128.365,865.062.141,1.028.578.472,1.136.374.092,1.179.276.943,1.168.179.512,1.039.849.472,97.387.352,1.051.574.898,892.494.392,786.666.203,724.972.916,696.508.646,678.750.038,654.710.674,648.715.639,652.623.558,,
Ukraine,UKR,Current health expenditure (% of GDP),SH.XPD.CHEX.GD.ZS,,,,,,,,,,,,,,,,,,,,,,,,,,,,,,,,,,,,,,,,,530.685.234,572.534.418,599.220.037,654.574.108,616.856.956,63.461.585,641.695.166,601.705.217,549.728.012,660.771.894,681.229.019,681.617.165,711.666.059,694.156.218,718.960.381,777.607.775,754.541.159,743.332.434,772.391.653,,
Upper middle income,UMC,Current health expenditure (% of GDP),SH.XPD.CHEX.GD.ZS,,,,,,,,,,,,,,,,,,,,,,,,,,,,,,,,,,,,,,,,,550.115.015.629.986,547.247.156.291.306,537.727.677.859.715,541.410.321.730.507,533.172.225.114.037,529.304.838.598.232,522.115.132.713.208,513.185.804.897.516,51.722.137.808.447,559.294.813.173.842,539.299.556.075.594,532.467.470.757.246,537.603.178.414.817,545.533.582.526.062,552.112.841.919.443,559.922.280.231.687,563.164.825.801.597,581.971.291.792.802,581.972.120.159.752,,
Uruguay,URY,Current health expenditure (% of GDP),SH.XPD.CHEX.GD.ZS,,,,,,,,,,,,,,,,,,,,,,,,,,,,,,,,,,,,,,,,,1.000.623.417,1.064.465.904,1.051.725.101,1.044.789.505,901.818.657,84.265.871,841.139.698,814.048.386,882.686.996,863.627.434,859.421.539,863.529.015,876.412.106,881.995.773,877.023.602,900.821.114,942.438.793,951.635.647,920.269.966,,
United States,USA,Current health expenditure (% of GDP),SH.XPD.CHEX.GD.ZS,,,,,,,,,,,,,,,,,,,,,,,,,,,,,,,,,,,,,,,,,1.254.207.516,132.191.925,1.400.746.441,1.452.157.784,1.460.988.235,1.460.567.665,1.470.215.797,1.491.858.959,1.528.626.251,1.628.372.383,1.634.537.888,1.629.982.948,1.628.528.976,1.621.042.252,1.640.644.836,1.671.075.249,1.704.898.262,1.700.361.443,1.688.529.778,,
Uzbekistan,UZB,Current health expenditure (% of GDP),SH.XPD.CHEX.GD.ZS,,,,,,,,,,,,,,,,,,,,,,,,,,,,,,,,,,,,,,,,,521.655.655,534.027.767,524.231.815,529.065.943,49.366.169,487.732.983,484.634.113,463.314.533,479.835.844,489.245.224,511.752.939,528.212.595,558.976.364,566.173.792,467.292.738,49.875.989,496.638.393,507.679.749,529.149.055,,
St. Vincent and the Grenadines,VCT,Current health expenditure (% of GDP),SH.XPD.CHEX.GD.ZS,,,,,,,,,,,,,,,,,,,,,,,,,,,,,,,,,,,,,,,,,429.551.268,429.704.428,430.659.676,418.275.356,407.436.132,403.522.491,384.620.953,398.138.881,408.864.832,433.336.353,455.129.194,446.755.743,468.828.583,456.956.387,435.374.546,408.409.452,41.576.829,43.064.785,447.178.459,,
"Venezuela, RB",VEN,Current health expenditure (% of GDP),SH.XPD.CHEX.GD.ZS,,,,,,,,,,,,,,,,,,,,,,,,,,,,,,,,,,,,,,,,,733.427.238,785.063.791,771.829.414,750.703.812,678.156.996,605.509.043,80.986.166,778.344.584,640.868.616,754.578.352,683.106.995,717.709.732,64.481.473,55.941.329,577.644.968,579.743.814,522.611.618,622.255.135,356.269.026,,
British Virgin Islands,VGB,Current health expenditure (% of GDP),SH.XPD.CHEX.GD.ZS,,,,,,,,,,,,,,,,,,,,,,,,,,,,,,,,,,,,,,,,,,,,,,,,,,,,,,,,,,,,,
Virgin Islands (U.S.),VIR,Current health expenditure (% of GDP),SH.XPD.CHEX.GD.ZS,,,,,,,,,,,,,,,,,,,,,,,,,,,,,,,,,,,,,,,,,,,,,,,,,,,,,,,,,,,,,
Vietnam,VNM,Current health expenditure (% of GDP),SH.XPD.CHEX.GD.ZS,,,,,,,,,,,,,,,,,,,,,,,,,,,,,,,,,,,,,,,,,484.926.939,57.281.065,457.058.716,465.504.885,482.393.265,509.650.564,539.199.686,546.279.955,514.778.042,529.355.097,596.677.208,587.397.575,627.840.996,633.500.576,578.317.738,565.262.079,565.919.352,592.534.494,591.789.675,,
Vanuatu,VUT,Current health expenditure (% of GDP),SH.XPD.CHEX.GD.ZS,,,,,,,,,,,,,,,,,,,,,,,,,,,,,,,,,,,,,,,,,331.252.217,339.338.827,39.043.777,350.691.938,353.991.532,330.528.617,332.175.636,304.861.021,304.926.729,315.899.253,337.513.757,349.827.933,37.651.372,415.413.618,345.589.304,415.773.726,284.586.453,276.094.961,337.372.637,,
World,WLD,Current health expenditure (% of GDP),SH.XPD.CHEX.GD.ZS,,,,,,,,,,,,,,,,,,,,,,,,,,,,,,,,,,,,,,,,,868.350.595.112.177,90.811.281.606.949,941.333.826.441.318,955.728.459.881.649,945.614.643.592.443,93.714.313.021.732,928.558.784.923.733,912.335.503.635.513,91.322.184.124.029,987.811.242.547.462,955.910.070.594.931,942.981.035.163.994,944.174.089.782.815,941.767.265.596.078,950.891.866.991.708,980.424.055.295.327,995.194.113.521.408,989.427.595.855.274,985.836.909.409.327,,
Samoa,WSM,Current health expenditure (% of GDP),SH.XPD.CHEX.GD.ZS,,,,,,,,,,,,,,,,,,,,,,,,,,,,,,,,,,,,,,,,,439.660.835,393.347.454,464.051.867,42.858.696,464.893.484,476.252.794,501.838.207,487.175.083,465.748.072,541.482.401,549.447.584,542.492.199,48.249.526,617.122.936,62.277.956,56.747.098,551.336.765,550.720.882,521.262.693,,
Kosovo,XKX,Current health expenditure (% of GDP),SH.XPD.CHEX.GD.ZS,,,,,,,,,,,,,,,,,,,,,,,,,,,,,,,,,,,,,,,,,,,,,,,,,,,,,,,,,,,,,
"Yemen, Rep.",YEM,Current health expenditure (% of GDP),SH.XPD.CHEX.GD.ZS,,,,,,,,,,,,,,,,,,,,,,,,,,,,,,,,,,,,,,,,,466.606.522,494.514.799,483.237.982,575.758.314,551.440.477,520.585.251,552.930.164,582.077.599,576.191.616,598.619.986,515.932.894,47.695.322,51.959.362,496.083.164,48.418.045,488.250.208,,,,,
South Africa,ZAF,Current health expenditure (% of GDP),SH.XPD.CHEX.GD.ZS,,,,,,,,,,,,,,,,,,,,,,,,,,,,,,,,,,,,,,,,,743.741.989,745.108.652,688.287.115,691.403.675,681.141.186,670.575.714,658.706.188,64.313.159,654.576.063,711.458.683,741.535.425,749.731.731,77.525.506,772.096.157,793.015.003,820.090.294,809.581.757,811.311.913,825.342.083,,
Zambia,ZMB,Current health expenditure (% of GDP),SH.XPD.CHEX.GD.ZS,,,,,,,,,,,,,,,,,,,,,,,,,,,,,,,,,,,,,,,,,715.237.093,655.248.451,679.403.543,718.999.434,704.994.965,686.332.226,587.367.344,435.264.969,401.207.542,442.680.454,371.929.598,346.053.243,393.052.912,469.091.034,382.924.223,443.510.246,447.720.718,439.748.955,493.484.306,,
Zimbabwe,ZWE,Current health expenditure (% of GDP),SH.XPD.CHEX.GD.ZS,,,,,,,,,,,,,,,,,,,,,,,,,,,,,,,,,,,,,,,,,,,,,,,,,,,1.047.583.866,808.173.752,691.835.308,711.014.795,813.352.394,745.206.642,76.476.202,584.977.484,473.433.113,,